date	place	confirmed	deaths	updated
2020-02-12	Anhui	889	4	2020-02-12 16:34:33
2020-02-12	Beijing	352	3	2020-02-12 16:34:33
2020-02-12	CHINA TOTAL	44742	1114	2020-02-12 16:34:33
2020-02-12	Chongqing	505	3	2020-02-12 16:34:33
2020-02-12	Fujian	272	0	2020-02-12 16:34:33
2020-02-12	Gansu	86	2	2020-02-12 16:34:33
2020-02-12	Guangdong	1219	1	2020-02-12 16:34:33
2020-02-12	Guangxi	222	1	2020-02-12 16:34:33
2020-02-12	Guizhou	131	1	2020-02-12 16:34:33
2020-02-12	Hainan	151	3	2020-02-12 16:34:33
2020-02-12	Hebei	251	2	2020-02-12 16:34:33
2020-02-12	Heilongjiang	378	8	2020-02-12 16:34:33
2020-02-12	Henan	1135	8	2020-02-12 16:34:33
2020-02-12	Hong Kong	49	1	2020-02-12 16:34:33
2020-02-12	Hubei	33366	1068	2020-02-12 16:34:33
2020-02-12	Hunan	946	2	2020-02-12 16:34:33
2020-02-12	Inner Mongolia	60	0	2020-02-12 16:34:33
2020-02-12	Jiangsu	543	0	2020-02-12 16:34:33
2020-02-12	Jiangxi	844	1	2020-02-12 16:34:33
2020-02-12	Jilin	83	1	2020-02-12 16:34:33
2020-02-12	Liaoning	116	0	2020-02-12 16:34:33
2020-02-12	Macau	10	0	2020-02-12 16:34:33
2020-02-12	Ningxia	58	0	2020-02-12 16:34:33
2020-02-12	Qinghai	18	0	2020-02-12 16:34:33
2020-02-12	Shaanxi	225	0	2020-02-12 16:34:33
2020-02-12	Shandong	497	1	2020-02-12 16:34:33
2020-02-12	Shanghai	306	1	2020-02-12 16:34:33
2020-02-12	Shanxi	124	0	2020-02-12 16:34:33
2020-02-12	Sichuan	436	1	2020-02-12 16:34:33
2020-02-12	Taiwan	18	0	2020-02-12 16:34:33
2020-02-12	Tianjin	107	2	2020-02-12 16:34:33
2020-02-12	Tibet	1	0	2020-02-12 16:34:33
2020-02-12	Xinjiang	59	0	2020-02-12 16:34:33
2020-02-12	Yunnan	154	0	2020-02-12 16:34:33
2020-02-12	Zhejiang	1131	0	2020-02-12 16:34:33
2020-02-10	Anhui	830	3	2020-02-11 00:06:48
2020-02-10	Beijing	337	2	2020-02-11 00:06:48
2020-02-10	CHINA TOTAL	40261	909	2020-02-11 00:06:48
2020-02-10	Chongqing	473	2	2020-02-11 00:06:48
2020-02-10	Fujian	261	0	2020-02-11 00:06:48
2020-02-10	Gansu	83	2	2020-02-11 00:06:48
2020-02-10	Guangdong	1159	1	2020-02-11 00:06:48
2020-02-10	Guangxi	210	1	2020-02-11 00:06:48
2020-02-10	Guizhou	109	1	2020-02-11 00:06:48
2020-02-10	Hainan	138	3	2020-02-11 00:06:48
2020-02-10	Hebei	218	2	2020-02-11 00:06:48
2020-02-10	Heilongjiang	331	7	2020-02-11 00:06:48
2020-02-10	Henan	1073	6	2020-02-11 00:06:48
2020-02-10	Hong Kong	38	1	2020-02-11 00:06:48
2020-02-10	Hubei	29631	871	2020-02-11 00:06:48
2020-02-10	Hunan	879	1	2020-02-11 00:06:48
2020-02-10	Inner Mongolia	58	0	2020-02-11 00:06:48
2020-02-10	Jiangsu	492	0	2020-02-11 00:06:48
2020-02-10	Jiangxi	771	1	2020-02-11 00:06:48
2020-02-10	Jilin	80	1	2020-02-11 00:06:48
2020-02-10	Liaoning	108	0	2020-02-11 00:06:48
2020-02-10	Macau	10	0	2020-02-11 00:06:48
2020-02-10	Ningxia	49	0	2020-02-11 00:06:48
2020-02-10	Qinghai	18	0	2020-02-11 00:06:48
2020-02-10	Shaanxi	213	0	2020-02-11 00:06:48
2020-02-10	Shandong	466	1	2020-02-11 00:06:48
2020-02-10	Shanghai	299	1	2020-02-11 00:06:48
2020-02-10	Shanxi	119	0	2020-02-11 00:06:48
2020-02-10	Sichuan	405	1	2020-02-11 00:06:48
2020-02-10	Taiwan	18	0	2020-02-11 00:06:48
2020-02-10	Tianjin	94	1	2020-02-11 00:06:48
2020-02-10	Tibet	1	0	2020-02-11 00:06:48
2020-02-10	Xinjiang	49	0	2020-02-11 00:06:48
2020-02-10	Yunnan	149	0	2020-02-11 00:06:48
2020-02-10	Zhejiang	1092	0	2020-02-11 00:06:48
2020-02-09	Anhui	779	1	2020-02-10 03:32:09
2020-02-09	Beijing	326	2	2020-02-10 03:32:09
2020-02-09	CHINA TOTAL	37289	813	2020-02-10 03:32:09
2020-02-09	Chongqing	450	2	2020-02-10 03:32:09
2020-02-09	Fujian	250	0	2020-02-10 03:32:09
2020-02-09	Gansu	79	1	2020-02-10 03:32:09
2020-02-09	Guangdong	1131	1	2020-02-10 03:32:09
2020-02-09	Guangxi	195	1	2020-02-10 03:32:09
2020-02-09	Guizhou	99	1	2020-02-10 03:32:09
2020-02-09	Hainan	131	3	2020-02-10 03:32:09
2020-02-09	Hebei	206	2	2020-02-10 03:32:09
2020-02-09	Heilongjiang	307	6	2020-02-10 03:32:09
2020-02-09	Henan	1033	6	2020-02-10 03:32:09
2020-02-09	Hong Kong	29	1	2020-02-10 03:32:09
2020-02-09	Hubei	27100	780	2020-02-10 03:32:09
2020-02-09	Hunan	838	1	2020-02-10 03:32:09
2020-02-09	Inner Mongolia	54	0	2020-02-10 03:32:09
2020-02-09	Jiangsu	468	0	2020-02-10 03:32:09
2020-02-09	Jiangxi	740	0	2020-02-10 03:32:09
2020-02-09	Jilin	78	1	2020-02-10 03:32:09
2020-02-09	Liaoning	107	0	2020-02-10 03:32:09
2020-02-09	Macau	10	0	2020-02-10 03:32:09
2020-02-09	Ningxia	45	0	2020-02-10 03:32:09
2020-02-09	Qinghai	18	0	2020-02-10 03:32:09
2020-02-09	Shaanxi	208	0	2020-02-10 03:32:09
2020-02-09	Shandong	444	1	2020-02-10 03:32:09
2020-02-09	Shanghai	293	1	2020-02-10 03:32:09
2020-02-09	Shanxi	115	0	2020-02-10 03:32:09
2020-02-09	Sichuan	386	1	2020-02-10 03:32:09
2020-02-09	Taiwan	18	0	2020-02-10 03:32:09
2020-02-09	Tianjin	90	1	2020-02-10 03:32:09
2020-02-09	Tibet	1	0	2020-02-10 03:32:09
2020-02-09	Xinjiang	45	0	2020-02-10 03:32:09
2020-02-09	Yunnan	141	0	2020-02-10 03:32:09
2020-02-09	Zhejiang	1075	0	2020-02-10 03:32:09
2020-02-08	Anhui	733	0	2020-02-08 21:01:44
2020-02-08	Beijing	315	2	2020-02-08 21:01:44
2020-02-08	CHINA TOTAL	34631	723	2020-02-08 21:01:44
2020-02-08	Chongqing	426	2	2020-02-08 21:01:44
2020-02-08	Fujian	239	0	2020-02-08 21:01:44
2020-02-08	Gansu	71	1	2020-02-08 21:01:44
2020-02-08	Guangdong	1075	1	2020-02-08 21:01:44
2020-02-08	Guangxi	183	0	2020-02-08 21:01:44
2020-02-08	Guizhou	89	1	2020-02-08 21:01:44
2020-02-08	Hainan	124	2	2020-02-08 21:01:44
2020-02-08	Hebei	195	1	2020-02-08 21:01:44
2020-02-08	Heilongjiang	295	5	2020-02-08 21:01:44
2020-02-08	Henan	981	4	2020-02-08 21:01:44
2020-02-08	Hong Kong	26	1	2020-02-08 21:01:44
2020-02-08	Hubei	24953	699	2020-02-08 21:01:44
2020-02-08	Hunan	803	0	2020-02-08 21:01:44
2020-02-08	Inner Mongolia	52	0	2020-02-08 21:01:44
2020-02-08	Jiangsu	439	0	2020-02-08 21:01:44
2020-02-08	Jiangxi	698	0	2020-02-08 21:01:44
2020-02-08	Jilin	69	1	2020-02-08 21:01:44
2020-02-08	Liaoning	103	0	2020-02-08 21:01:44
2020-02-08	Macau	10	0	2020-02-08 21:01:44
2020-02-08	Ningxia	45	0	2020-02-08 21:01:44
2020-02-08	Qinghai	18	0	2020-02-08 21:01:44
2020-02-08	Shaanxi	195	0	2020-02-08 21:01:44
2020-02-08	Shandong	407	0	2020-02-08 21:01:44
2020-02-08	Shanghai	286	1	2020-02-08 21:01:44
2020-02-08	Shanxi	104	0	2020-02-08 21:01:44
2020-02-08	Sichuan	363	1	2020-02-08 21:01:44
2020-02-08	Taiwan	17	0	2020-02-08 21:01:44
2020-02-08	Tianjin	88	1	2020-02-08 21:01:44
2020-02-08	Tibet	1	0	2020-02-08 21:01:44
2020-02-08	Xinjiang	42	0	2020-02-08 21:01:44
2020-02-08	Yunnan	138	0	2020-02-08 21:01:44
2020-02-08	Zhejiang	1048	0	2020-02-08 21:01:44
2020-02-07	Anhui	665	0	2020-02-07 23:14:21
2020-02-07	Beijing	297	1	2020-02-07 23:14:21
2020-02-07	CHINA TOTAL	31253	637	2020-02-07 23:14:21
2020-02-07	Chongqing	415	2	2020-02-07 23:14:21
2020-02-07	Fujian	224	0	2020-02-07 23:14:21
2020-02-07	Gansu	67	0	2020-02-07 23:14:21
2020-02-07	Guangdong	1034	1	2020-02-07 23:14:21
2020-02-07	Guangxi	172	0	2020-02-07 23:14:21
2020-02-07	Guizhou	77	1	2020-02-07 23:14:21
2020-02-07	Hainan	115	2	2020-02-07 23:14:21
2020-02-07	Hebei	172	1	2020-02-07 23:14:21
2020-02-07	Heilongjiang	277	3	2020-02-07 23:14:21
2020-02-07	Henan	914	3	2020-02-07 23:14:21
2020-02-07	Hong Kong	24	1	2020-02-07 23:14:21
2020-02-07	Hubei	22112	618	2020-02-07 23:14:21
2020-02-07	Hunan	772	0	2020-02-07 23:14:21
2020-02-07	Inner Mongolia	50	0	2020-02-07 23:14:21
2020-02-07	Jiangsu	408	0	2020-02-07 23:14:21
2020-02-07	Jiangxi	661	0	2020-02-07 23:14:21
2020-02-07	Jilin	65	1	2020-02-07 23:14:21
2020-02-07	Liaoning	95	0	2020-02-07 23:14:21
2020-02-07	Macau	10	0	2020-02-07 23:14:21
2020-02-07	Ningxia	43	0	2020-02-07 23:14:21
2020-02-07	Qinghai	18	0	2020-02-07 23:14:21
2020-02-07	Shaanxi	184	0	2020-02-07 23:14:21
2020-02-07	Shandong	386	0	2020-02-07 23:14:21
2020-02-07	Shanghai	277	1	2020-02-07 23:14:21
2020-02-07	Shanxi	96	0	2020-02-07 23:14:21
2020-02-07	Sichuan	344	1	2020-02-07 23:14:21
2020-02-07	Taiwan	16	0	2020-02-07 23:14:21
2020-02-07	Tianjin	81	1	2020-02-07 23:14:21
2020-02-07	Tibet	1	0	2020-02-07 23:14:21
2020-02-07	Xinjiang	39	0	2020-02-07 23:14:21
2020-02-07	Yunnan	136	0	2020-02-07 23:14:21
2020-02-07	Zhejiang	1006	0	2020-02-07 23:14:21
2020-02-06	Anhui	591	0	2020-02-07 05:01:44
2020-02-06	Beijing	274	1	2020-02-07 05:01:44
2020-02-06	CHINA TOTAL	28138	564	2020-02-07 05:01:44
2020-02-06	Chongqing	400	2	2020-02-07 05:01:44
2020-02-06	Fujian	215	0	2020-02-07 05:01:44
2020-02-06	Gansu	62	0	2020-02-07 05:01:44
2020-02-06	Guangdong	970	0	2020-02-07 05:01:44
2020-02-06	Guangxi	168	0	2020-02-07 05:01:44
2020-02-06	Guizhou	71	1	2020-02-07 05:01:44
2020-02-06	Hainan	106	1	2020-02-07 05:01:44
2020-02-06	Hebei	157	1	2020-02-07 05:01:44
2020-02-06	Heilongjiang	227	3	2020-02-07 05:01:44
2020-02-06	Henan	851	2	2020-02-07 05:01:44
2020-02-06	Hong Kong	24	1	2020-02-07 05:01:44
2020-02-06	Hubei	19665	549	2020-02-07 05:01:44
2020-02-06	Hunan	711	0	2020-02-07 05:01:44
2020-02-06	Inner Mongolia	46	0	2020-02-07 05:01:44
2020-02-06	Jiangsu	373	0	2020-02-07 05:01:44
2020-02-06	Jiangxi	600	0	2020-02-07 05:01:44
2020-02-06	Jilin	59	0	2020-02-07 05:01:44
2020-02-06	Liaoning	94	0	2020-02-07 05:01:44
2020-02-06	Macau	10	0	2020-02-07 05:01:44
2020-02-06	Ningxia	40	0	2020-02-07 05:01:44
2020-02-06	Qinghai	18	0	2020-02-07 05:01:44
2020-02-06	Shaanxi	173	0	2020-02-07 05:01:44
2020-02-06	Shandong	347	0	2020-02-07 05:01:44
2020-02-06	Shanghai	257	1	2020-02-07 05:01:44
2020-02-06	Shanxi	90	0	2020-02-07 05:01:44
2020-02-06	Sichuan	321	1	2020-02-07 05:01:44
2020-02-06	Taiwan	16	0	2020-02-07 05:01:44
2020-02-06	Tianjin	78	1	2020-02-07 05:01:44
2020-02-06	Tibet	1	0	2020-02-07 05:01:44
2020-02-06	Xinjiang	36	0	2020-02-07 05:01:44
2020-02-06	Yunnan	133	0	2020-02-07 05:01:44
2020-02-06	Zhejiang	954	0	2020-02-07 05:01:44
2020-02-05	Anhui	530	0	2020-02-05 15:43:21
2020-02-05	Beijing	228	1	2020-02-05 15:43:21
2020-02-05	CHINA TOTAL	24235	491	2020-02-05 15:43:21
2020-02-05	Chongqing	366	2	2020-02-05 15:43:21
2020-02-05	Fujian	194	0	2020-02-05 15:43:21
2020-02-05	Gansu	57	0	2020-02-05 15:43:21
2020-02-05	Guangdong	813	0	2020-02-05 15:43:21
2020-02-05	Guangxi	150	0	2020-02-05 15:43:21
2020-02-05	Guizhou	64	0	2020-02-05 15:43:21
2020-02-05	Hainan	80	1	2020-02-05 15:43:21
2020-02-05	Hebei	136	1	2020-02-05 15:43:21
2020-02-05	Heilongjiang	190	2	2020-02-05 15:43:21
2020-02-05	Henan	764	2	2020-02-05 15:43:21
2020-02-05	Hong Kong	17	1	2020-02-05 15:43:21
2020-02-05	Hubei	16678	479	2020-02-05 15:43:21
2020-02-05	Hunan	661	0	2020-02-05 15:43:21
2020-02-05	Inner Mongolia	42	0	2020-02-05 15:43:21
2020-02-05	Jiangsu	341	0	2020-02-05 15:43:21
2020-02-05	Jiangxi	548	0	2020-02-05 15:43:21
2020-02-05	Jilin	54	0	2020-02-05 15:43:21
2020-02-05	Liaoning	81	0	2020-02-05 15:43:21
2020-02-05	Macau	10	0	2020-02-05 15:43:21
2020-02-05	Ningxia	34	0	2020-02-05 15:43:21
2020-02-05	Qinghai	17	0	2020-02-05 15:43:21
2020-02-05	Shaanxi	142	0	2020-02-05 15:43:21
2020-02-05	Shandong	298	0	2020-02-05 15:43:21
2020-02-05	Shanghai	233	1	2020-02-05 15:43:21
2020-02-05	Shanxi	81	0	2020-02-05 15:43:21
2020-02-05	Sichuan	301	1	2020-02-05 15:43:21
2020-02-05	Taiwan	11	0	2020-02-05 15:43:21
2020-02-05	Tianjin	67	0	2020-02-05 15:43:21
2020-02-05	Tibet	1	0	2020-02-05 15:43:21
2020-02-05	Xinjiang	29	0	2020-02-05 15:43:21
2020-02-05	Yunnan	122	0	2020-02-05 15:43:21
2020-02-05	Zhejiang	895	0	2020-02-05 15:43:21
2020-02-04	Anhui	480	0	2020-02-05 05:36:58
2020-02-04	Beijing	228	1	2020-02-05 05:36:58
2020-02-04	CHINA TOTAL	20530	426	2020-02-05 05:36:58
2020-02-04	Chongqing	344	2	2020-02-05 05:36:58
2020-02-04	Fujian	194	0	2020-02-05 05:36:58
2020-02-04	Gansu	57	0	2020-02-05 05:36:58
2020-02-04	Guangdong	813	0	2020-02-05 05:36:58
2020-02-04	Guangxi	139	0	2020-02-05 05:36:58
2020-02-04	Guizhou	58	0	2020-02-05 05:36:58
2020-02-04	Hainan	80	1	2020-02-05 05:36:58
2020-02-04	Hebei	126	1	2020-02-05 05:36:58
2020-02-04	Heilongjiang	155	2	2020-02-05 05:36:58
2020-02-04	Henan	675	2	2020-02-05 05:36:58
2020-02-04	Hong Kong	17	1	2020-02-05 05:36:58
2020-02-04	Hubei	13522	414	2020-02-05 05:36:58
2020-02-04	Hunan	593	0	2020-02-05 05:36:58
2020-02-04	Inner Mongolia	35	0	2020-02-05 05:36:58
2020-02-04	Jiangsu	308	0	2020-02-05 05:36:58
2020-02-04	Jiangxi	476	0	2020-02-05 05:36:58
2020-02-04	Jilin	42	0	2020-02-05 05:36:58
2020-02-04	Liaoning	81	0	2020-02-05 05:36:58
2020-02-04	Macau	10	0	2020-02-05 05:36:58
2020-02-04	Ningxia	34	0	2020-02-05 05:36:58
2020-02-04	Qinghai	15	0	2020-02-05 05:36:58
2020-02-04	Shaanxi	142	0	2020-02-05 05:36:58
2020-02-04	Shandong	275	0	2020-02-05 05:36:58
2020-02-04	Shanghai	219	1	2020-02-05 05:36:58
2020-02-04	Shanxi	74	0	2020-02-05 05:36:58
2020-02-04	Sichuan	282	1	2020-02-05 05:36:58
2020-02-04	Taiwan	11	0	2020-02-05 05:36:58
2020-02-04	Tianjin	67	0	2020-02-05 05:36:58
2020-02-04	Tibet	1	0	2020-02-05 05:36:58
2020-02-04	Xinjiang	29	0	2020-02-05 05:36:58
2020-02-04	Yunnan	119	0	2020-02-05 05:36:58
2020-02-04	Zhejiang	829	0	2020-02-05 05:36:58
2020-02-03	Anhui	408	0	2020-02-03 23:43:29
2020-02-03	Beijing	212	1	2020-02-03 23:43:29
2020-02-03	CHINA TOTAL	17335	361	2020-02-03 23:43:29
2020-02-03	Chongqing	312	2	2020-02-03 23:43:29
2020-02-03	Fujian	179	0	2020-02-03 23:43:29
2020-02-03	Gansu	51	0	2020-02-03 23:43:29
2020-02-03	Guangdong	725	0	2020-02-03 23:43:29
2020-02-03	Guangxi	127	0	2020-02-03 23:43:29
2020-02-03	Guizhou	46	0	2020-02-03 23:43:29
2020-02-03	Hainan	71	1	2020-02-03 23:43:29
2020-02-03	Hebei	113	1	2020-02-03 23:43:29
2020-02-03	Heilongjiang	121	2	2020-02-03 23:43:29
2020-02-03	Henan	566	2	2020-02-03 23:43:29
2020-02-03	Hong Kong	15	0	2020-02-03 23:43:29
2020-02-03	Hubei	11177	350	2020-02-03 23:43:29
2020-02-03	Hunan	521	0	2020-02-03 23:43:29
2020-02-03	Inner Mongolia	34	0	2020-02-03 23:43:29
2020-02-03	Jiangsu	271	0	2020-02-03 23:43:29
2020-02-03	Jiangxi	391	0	2020-02-03 23:43:29
2020-02-03	Jilin	31	0	2020-02-03 23:43:29
2020-02-03	Liaoning	73	0	2020-02-03 23:43:29
2020-02-03	Macau	8	0	2020-02-03 23:43:29
2020-02-03	Ningxia	31	0	2020-02-03 23:43:29
2020-02-03	Qinghai	13	0	2020-02-03 23:43:29
2020-02-03	Shaanxi	128	0	2020-02-03 23:43:29
2020-02-03	Shandong	259	0	2020-02-03 23:43:29
2020-02-03	Shanghai	203	1	2020-02-03 23:43:29
2020-02-03	Shanxi	66	0	2020-02-03 23:43:29
2020-02-03	Sichuan	254	1	2020-02-03 23:43:29
2020-02-03	Taiwan	10	0	2020-02-03 23:43:29
2020-02-03	Tianjin	56	0	2020-02-03 23:43:29
2020-02-03	Tibet	1	0	2020-02-03 23:43:29
2020-02-03	Xinjiang	24	0	2020-02-03 23:43:29
2020-02-03	Yunnan	114	0	2020-02-03 23:43:29
2020-02-03	Zhejiang	724	0	2020-02-03 23:43:29
2020-01-30	Anhui	200	0	2020-01-31 00:22:04
2020-01-30	Beijing	114	1	2020-01-31 00:22:04
2020-01-30	CHINA TOTAL	7828	170	2020-01-31 00:22:04
2020-01-30	Chongqing	182	0	2020-01-31 00:22:04
2020-01-30	Fujian	101	0	2020-01-31 00:22:04
2020-01-30	Gansu	26	0	2020-01-31 00:22:04
2020-01-30	Guangdong	354	0	2020-01-31 00:22:04
2020-01-30	Guangxi	78	0	2020-01-31 00:22:04
2020-01-30	Guizhou	12	0	2020-01-31 00:22:04
2020-01-30	Hainan	46	1	2020-01-31 00:22:04
2020-01-30	Hebei	65	1	2020-01-31 00:22:04
2020-01-30	Heilongjiang	43	1	2020-01-31 00:22:04
2020-01-30	Henan	278	2	2020-01-31 00:22:04
2020-01-30	Hong Kong	10	0	2020-01-31 00:22:04
2020-01-30	Hubei	4586	162	2020-01-31 00:22:04
2020-01-30	Hunan	277	0	2020-01-31 00:22:04
2020-01-30	Inner Mongolia	18	0	2020-01-31 00:22:04
2020-01-30	Jiangsu	129	0	2020-01-31 00:22:04
2020-01-30	Jiangxi	162	0	2020-01-31 00:22:04
2020-01-30	Jilin	14	0	2020-01-31 00:22:04
2020-01-30	Liaoning	41	0	2020-01-31 00:22:04
2020-01-30	Macau	7	0	2020-01-31 00:22:04
2020-01-30	Ningxia	17	0	2020-01-31 00:22:04
2020-01-30	Qinghai	6	0	2020-01-31 00:22:04
2020-01-30	Shaanxi	63	0	2020-01-31 00:22:04
2020-01-30	Shandong	158	0	2020-01-31 00:22:04
2020-01-30	Shanghai	112	1	2020-01-31 00:22:04
2020-01-30	Shanxi	35	0	2020-01-31 00:22:04
2020-01-30	Sichuan	142	1	2020-01-31 00:22:04
2020-01-30	Taiwan	9	0	2020-01-31 00:22:04
2020-01-30	Tianjin	30	0	2020-01-31 00:22:04
2020-01-30	Tibet	1	0	2020-01-31 00:22:04
2020-01-30	Xinjiang	14	0	2020-01-31 00:22:04
2020-01-30	Yunnan	70	0	2020-01-31 00:22:04
2020-01-30	Zhejiang	428	0	2020-01-31 00:22:04
2020-01-29	Anhui	155	0	2020-01-30 05:29:28
2020-01-29	Beijing	111	1	2020-01-30 05:29:28
2020-01-29	CHINA TOTAL	6095	133	2020-01-30 05:29:28
2020-01-29	Chongqing	147	0	2020-01-30 05:29:28
2020-01-29	Fujian	84	0	2020-01-30 05:29:28
2020-01-29	Gansu	24	0	2020-01-30 05:29:28
2020-01-29	Guangdong	277	0	2020-01-30 05:29:28
2020-01-29	Guangxi	58	0	2020-01-30 05:29:28
2020-01-29	Guizhou	9	0	2020-01-30 05:29:28
2020-01-29	Hainan	43	1	2020-01-30 05:29:28
2020-01-29	Hebei	48	1	2020-01-30 05:29:28
2020-01-29	Heilongjiang	38	1	2020-01-30 05:29:28
2020-01-29	Henan	206	2	2020-01-30 05:29:28
2020-01-29	Hong Kong	10	0	2020-01-30 05:29:28
2020-01-29	Hubei	3554	125	2020-01-30 05:29:28
2020-01-29	Hunan	221	0	2020-01-30 05:29:28
2020-01-29	Inner Mongolia	16	0	2020-01-30 05:29:28
2020-01-29	Jiangsu	99	0	2020-01-30 05:29:28
2020-01-29	Jiangxi	109	0	2020-01-30 05:29:28
2020-01-29	Jilin	9	0	2020-01-30 05:29:28
2020-01-29	Liaoning	39	0	2020-01-30 05:29:28
2020-01-29	Macau	7	0	2020-01-30 05:29:28
2020-01-29	Ningxia	12	0	2020-01-30 05:29:28
2020-01-29	Qinghai	6	0	2020-01-30 05:29:28
2020-01-29	Shaanxi	56	0	2020-01-30 05:29:28
2020-01-29	Shandong	130	0	2020-01-30 05:29:28
2020-01-29	Shanghai	96	1	2020-01-30 05:29:28
2020-01-29	Shanxi	27	0	2020-01-30 05:29:28
2020-01-29	Sichuan	108	1	2020-01-30 05:29:28
2020-01-29	Taiwan	8	0	2020-01-30 05:29:28
2020-01-29	Tianjin	27	0	2020-01-30 05:29:28
2020-01-29	Tibet	0	0	2020-01-30 05:29:28
2020-01-29	Xinjiang	13	0	2020-01-30 05:29:28
2020-01-29	Yunnan	55	0	2020-01-30 05:29:28
2020-01-29	Zhejiang	296	0	2020-01-30 05:29:28
2020-01-28	Anhui	106	0	2020-01-29 03:00:00
2020-01-28	Beijing	91	1	2020-01-29 03:00:00
2020-01-28	CHINA TOTAL	4630	107	2020-01-29 03:00:00
2020-01-28	Chongqing	132	0	2020-01-29 03:00:00
2020-01-28	Fujian	80	0	2020-01-29 03:00:00
2020-01-28	Gansu	19	0	2020-01-29 03:00:00
2020-01-28	Guangdong	207	0	2020-01-29 03:00:00
2020-01-28	Guangxi	51	0	2020-01-29 03:00:00
2020-01-28	Guizhou	9	0	2020-01-29 03:00:00
2020-01-28	Hainan	40	1	2020-01-29 03:00:00
2020-01-28	Hebei	33	1	2020-01-29 03:00:00
2020-01-28	Heilongjiang	30	1	2020-01-29 03:00:00
2020-01-28	Henan	168	1	2020-01-29 03:00:00
2020-01-28	Hong Kong	8	0	2020-01-29 03:00:00
2020-01-28	Hubei	2714	100	2020-01-29 03:00:00
2020-01-28	Hunan	143	0	2020-01-29 03:00:00
2020-01-28	Inner Mongolia	15	0	2020-01-29 03:00:00
2020-01-28	Jiangsu	70	0	2020-01-29 03:00:00
2020-01-28	Jiangxi	72	0	2020-01-29 03:00:00
2020-01-28	Jilin	8	0	2020-01-29 03:00:00
2020-01-28	Liaoning	34	0	2020-01-29 03:00:00
2020-01-28	Macau	7	0	2020-01-29 03:00:00
2020-01-28	Ningxia	11	0	2020-01-29 03:00:00
2020-01-28	Qinghai	6	0	2020-01-29 03:00:00
2020-01-28	Shaanxi	46	0	2020-01-29 03:00:00
2020-01-28	Shandong	95	1	2020-01-29 03:00:00
2020-01-28	Shanghai	66	1	2020-01-29 03:00:00
2020-01-28	Shanxi	20	0	2020-01-29 03:00:00
2020-01-28	Sichuan	90	0	2020-01-29 03:00:00
2020-01-28	Taiwan	8	0	2020-01-29 03:00:00
2020-01-28	Tianjin	24	0	2020-01-29 03:00:00
2020-01-28	Xinjiang	10	0	2020-01-29 03:00:00
2020-01-28	Yunnan	44	0	2020-01-29 03:00:00
2020-01-28	Zhejiang	173	0	2020-01-29 03:00:00
2020-01-27	Anhui	70	0	2020-01-28 05:54:00
2020-01-27	Beijing	80	1	2020-01-28 05:54:00
2020-01-27	CHINA TOTAL	2857	82	2020-01-28 05:54:00
2020-01-27	Chongqing	110	0	2020-01-28 05:54:00
2020-01-27	Fujian	59	0	2020-01-28 05:54:00
2020-01-27	Gansu	14	0	2020-01-28 05:54:00
2020-01-27	Guangdong	151	0	2020-01-28 05:54:00
2020-01-27	Guangxi	46	0	2020-01-28 05:54:00
2020-01-27	Guizhou	7	0	2020-01-28 05:54:00
2020-01-27	Hainan	33	1	2020-01-28 05:54:00
2020-01-27	Hebei	18	1	2020-01-28 05:54:00
2020-01-27	Heilongjiang	21	1	2020-01-28 05:54:00
2020-01-27	Henan	128	1	2020-01-28 05:54:00
2020-01-27	Hong Kong	8	0	2020-01-28 05:54:00
2020-01-27	Hubei	1423	76	2020-01-28 05:54:00
2020-01-27	Hunan	100	0	2020-01-28 05:54:00
2020-01-27	Inner Mongolia	11	0	2020-01-28 05:54:00
2020-01-27	Jiangsu	47	0	2020-01-28 05:54:00
2020-01-27	Jiangxi	48	0	2020-01-28 05:54:00
2020-01-27	Jilin	6	0	2020-01-28 05:54:00
2020-01-27	Liaoning	27	0	2020-01-28 05:54:00
2020-01-27	Macau	6	0	2020-01-28 05:54:00
2020-01-27	Ningxia	7	0	2020-01-28 05:54:00
2020-01-27	Qinghai	6	0	2020-01-28 05:54:00
2020-01-27	Shaanxi	35	0	2020-01-28 05:54:00
2020-01-27	Shandong	75	0	2020-01-28 05:54:00
2020-01-27	Shanghai	53	1	2020-01-28 05:54:00
2020-01-27	Shanxi	13	0	2020-01-28 05:54:00
2020-01-27	Sichuan	69	0	2020-01-28 05:54:00
2020-01-27	Taiwan	5	0	2020-01-28 05:54:00
2020-01-27	Tianjin	22	0	2020-01-28 05:54:00
2020-01-27	Xinjiang	5	0	2020-01-28 05:54:00
2020-01-27	Yunnan	26	0	2020-01-28 05:54:00
2020-01-27	Zhejiang	128	0	2020-01-28 05:54:00
2020-01-26	Anhui	60	0	2020-01-26 18:53:00
2020-01-26	Beijing	54	0	2020-01-26 18:53:00
2020-01-26	Chongqing	75	0	2020-01-26 18:53:00
2020-01-26	Fujian	18	0	2020-01-26 18:53:00
2020-01-26	Gansu	7	0	2020-01-26 18:53:00
2020-01-26	Guangdong	98	0	2020-01-26 18:53:00
2020-01-26	Guangxi	33	0	2020-01-26 18:53:00
2020-01-26	Guizhou	5	0	2020-01-26 18:53:00
2020-01-26	Hainan	22	0	2020-01-26 18:53:00
2020-01-26	Hebei	13	1	2020-01-26 18:53:00
2020-01-26	Heilongjiang	15	1	2020-01-26 18:53:00
2020-01-26	Henan	83	1	2020-01-26 18:53:00
2020-01-26	Hong Kong	5	0	2020-01-26 18:53:00
2020-01-26	Hubei	1053	52	2020-01-26 18:53:00
2020-01-26	Hunan	69	0	2020-01-26 18:53:00
2020-01-26	Inner Mongolia	7	0	2020-01-26 18:53:00
2020-01-26	Jiangsu	31	0	2020-01-26 18:53:00
2020-01-26	Jiangxi	36	0	2020-01-26 18:53:00
2020-01-26	Jilin	4	0	2020-01-26 18:53:00
2020-01-26	Liaoning	19	0	2020-01-26 18:53:00
2020-01-26	Macau	5	0	2020-01-26 18:53:00
2020-01-26	Ningxia	4	0	2020-01-26 18:53:00
2020-01-26	Qinghai	1	0	2020-01-26 18:53:00
2020-01-26	Shaanxi	22	0	2020-01-26 18:53:00
2020-01-26	Shandong	39	0	2020-01-26 18:53:00
2020-01-26	Shanghai	40	1	2020-01-26 18:53:00
2020-01-26	Shanxi	9	0	2020-01-26 18:53:00
2020-01-26	Sichuan	44	0	2020-01-26 18:53:00
2020-01-26	Taiwan	3	0	2020-01-26 18:53:00
2020-01-26	Tianjin	13	0	2020-01-26 18:53:00
2020-01-26	Xinjiang	4	0	2020-01-26 18:53:00
2020-01-26	Yunnan	11	0	2020-01-26 18:53:00
2020-01-26	Zhejiang	104	0	2020-01-26 18:53:00
2020-01-25	Anhui	39	0	2020-01-26 03:08:00
2020-01-25	Beijing	41	0	2020-01-26 03:08:00
2020-01-25	CHINA TOTAL	1377	41	2020-01-26 03:08:00
2020-01-25	Chongqing	57	0	2020-01-26 03:08:00
2020-01-25	Fujian	18	0	2020-01-26 03:08:00
2020-01-25	Gansu	4	0	2020-01-26 03:08:00
2020-01-25	Guangdong	78	0	2020-01-26 03:08:00
2020-01-25	Guangxi	23	0	2020-01-26 03:08:00
2020-01-25	Guizhou	4	0	2020-01-26 03:08:00
2020-01-25	Hainan	19	0	2020-01-26 03:08:00
2020-01-25	Hebei	8	1	2020-01-26 03:08:00
2020-01-25	Heilongjiang	9	1	2020-01-26 03:08:00
2020-01-25	Henan	32	0	2020-01-26 03:08:00
2020-01-25	Hong Kong	5	0	2020-01-26 03:08:00
2020-01-25	Hubei	730	39	2020-01-26 03:08:00
2020-01-25	Hunan	43	0	2020-01-26 03:08:00
2020-01-25	Inner Mongolia	7	0	2020-01-26 03:08:00
2020-01-25	Jiangsu	18	0	2020-01-26 03:08:00
2020-01-25	Jiangxi	18	0	2020-01-26 03:08:00
2020-01-25	Jilin	4	0	2020-01-26 03:08:00
2020-01-25	Liaoning	16	0	2020-01-26 03:08:00
2020-01-25	Macau	2	0	2020-01-26 03:08:00
2020-01-25	Ningxia	3	0	2020-01-26 03:08:00
2020-01-25	Qinghai	1	0	2020-01-26 03:08:00
2020-01-25	Shaanxi	15	0	2020-01-26 03:08:00
2020-01-25	Shandong	27	0	2020-01-26 03:08:00
2020-01-25	Shanghai	33	0	2020-01-26 03:08:00
2020-01-25	Shanxi	6	0	2020-01-26 03:08:00
2020-01-25	Sichuan	28	0	2020-01-26 03:08:00
2020-01-25	Taiwan	3	0	2020-01-26 03:08:00
2020-01-25	Tianjin	10	0	2020-01-26 03:08:00
2020-01-25	Xinjiang	3	0	2020-01-26 03:08:00
2020-01-25	Yunnan	11	0	2020-01-26 03:08:00
2020-01-25	Zhejiang	62	0	2020-01-26 03:08:00
