updated	id	confirmed	deaths	recovered
2020-02-07 20:13:00	2	22112	618	867
2020-02-07 20:13:00	8	1034	1	88
2020-02-07 20:13:00	5	1006		123
2020-02-07 20:13:00	11	914	3	86
2020-02-07 20:13:00	14	772		112
2020-02-07 20:13:00	17	665		47
2020-02-07 20:13:00	23	661		45
2020-02-07 20:13:00	20	415	2	31
2020-02-07 20:13:00	32	408		43
2020-02-07 20:13:00	26	386		37
2020-02-07 20:13:00	29	344	1	42
2020-02-07 20:13:00	35	297	1	33
2020-02-07 20:13:00	56	277	3	12
2020-02-07 20:13:00	38	277	1	30
2020-02-07 20:13:00	41	224		20
2020-02-07 20:13:00	47	184		17
2020-02-07 20:13:00	53	172	1	22
2020-02-07 20:13:00	44	172		17
2020-02-07 20:13:00	50	138		12
2020-02-07 20:13:00	59	117	2	10
2020-02-07 20:13:00	62	99		7
2020-02-07 20:13:00	65	96		15
2020-02-07 20:13:00	68	81	1	2
2020-02-07 20:13:00	74	81	1	6
2020-02-07 20:13:00	71	67		9
2020-02-07 20:13:00	83	65	1	4
2020-02-07 20:13:00	16841	61		
2020-02-07 20:13:00	77	50		5
2020-02-07 20:13:00	80	43		5
2020-02-07 20:13:00	86	39		
2020-02-07 20:13:00	116	30		
2020-02-07 20:13:00	113	25	1	
2020-02-07 20:13:00	95	25		5
2020-02-07 20:13:00	98	25		1
2020-02-07 20:13:00	104	24		1
2020-02-07 20:13:00	89	18		3
2020-02-07 20:13:00	101	16		1
2020-02-07 20:13:00	149	13		
2020-02-07 20:13:00	128	12		1
2020-02-07 20:13:00	110	10		1
2020-02-07 20:13:00	119	10		1
2020-02-07 20:13:00	122	6		
2020-02-07 20:13:00	137	6		
2020-02-07 20:13:00	152	5		
2020-02-07 20:13:00	164	5		
2020-02-07 20:13:00	134	4		2
2020-02-07 20:13:00	140	4		
2020-02-07 20:13:00	161	4		
2020-02-07 20:13:00	167	3		
2020-02-07 20:13:00	170	3		
2020-02-07 20:13:00	176	3		
2020-02-07 20:13:00	182	3		
2020-02-07 20:13:00	16970	2		
2020-02-07 20:13:00	16991	2		
2020-02-07 20:13:00	179	2		
2020-02-07 20:13:00	188	2		
2020-02-07 20:13:00	92	1		
2020-02-07 20:13:00	16949	1		
2020-02-07 20:13:00	131	1		
2020-02-07 20:13:00	16994	1		
2020-02-07 20:13:00	155	1		
2020-02-07 20:13:00	158	1		
2020-02-07 20:13:00	173	1		
2020-02-07 20:13:00	17039	1		
2020-02-07 20:13:00	185	1		
2020-02-07 20:13:00	191	1		
2020-02-07 20:13:00	194	1		
2020-02-07 20:13:00	8483	1		
2020-02-07 20:13:00	9089	1		
2020-02-06 14:20:00	371300	19665	549	712
2020-02-06 14:20:00	371480	970		69
2020-02-06 14:20:00	371372	954		94
2020-02-06 14:20:00	371567	851	2	56
2020-02-06 14:20:00	371606	711		81
2020-02-06 14:20:00	371834	600		37
2020-02-06 14:20:00	371678	591		34
2020-02-06 14:20:00	371903	400	2	24
2020-02-06 14:20:00	372101	373		34
2020-02-06 14:20:00	372014	347		27
2020-02-06 14:20:00	372158	321	1	31
2020-02-06 14:20:00	372239	274	1	31
2020-02-06 14:20:00	372371	257	1	25
2020-02-06 14:20:00	372617	227	3	8
2020-02-06 14:20:00	372395	215		14
2020-02-06 14:20:00	372713	173		9
2020-02-06 14:20:00	372545	168		14
2020-02-06 14:20:00	372746	157	1	13
2020-02-06 14:20:00	372863	133		7
2020-02-06 14:20:00	372977	106	1	8
2020-02-06 14:20:00	373049	94		5
2020-02-06 14:20:00	373151	90		12
2020-02-06 14:20:00	373223	78	1	2
2020-02-06 14:20:00	373412	71	1	6
2020-02-06 14:20:00	373313	62		6
2020-02-06 14:20:00	373457	59		4
2020-02-06 14:20:00	373568	46		4
2020-02-06 14:20:00	374048	45		1
2020-02-06 14:20:00	373664	40		1
2020-02-06 14:20:00	373748	36		
2020-02-06 14:20:00	374486	28		
2020-02-06 14:20:00	373958	25		5
2020-02-06 14:20:00	374561	24	1	
2020-02-06 14:20:00	374135	23		
2020-02-06 14:20:00	373826	18		3
2020-02-06 14:20:00	374225	16		1
2020-02-06 14:20:00	374894	12		
2020-02-06 14:20:00	2294	12		
2020-02-06 14:20:00	375392	12		
2020-02-06 14:20:00	374387	10		1
2020-02-06 14:20:00	374654	10		1
2020-02-06 14:20:00	374735	6		
2020-02-06 14:20:00	375116	6		
2020-02-06 14:20:00	375692	5		
2020-02-06 14:20:00	375044	4		2
2020-02-06 14:20:00	375188	4		
2020-02-06 14:20:00	375458	4		
2020-02-06 14:20:00	143	3		
2020-02-06 14:20:00	375740	3		
2020-02-06 14:20:00	375749	2	1	
2020-02-06 14:20:00	125	2		
2020-02-06 14:20:00	375644	2		
2020-02-06 14:20:00	375872	2		
2020-02-06 14:20:00	375944	2		
2020-02-06 14:20:00	375908	2		
2020-02-06 14:20:00	376046	2		
2020-02-06 14:20:00	374807	2		
2020-02-06 14:20:00	375260	2		
2020-02-06 14:20:00	373868	1		
2020-02-06 14:20:00	107	1		
2020-02-06 14:20:00	374972	1		
2020-02-06 14:20:00	146	1		
2020-02-06 14:20:00	375524	1		
2020-02-06 14:20:00	375587	1		
2020-02-06 14:20:00	375836	1		
2020-02-06 14:20:00	376016	1		
2020-02-06 14:20:00	376076	1		
2020-02-06 14:20:00	376103	1		
2020-02-06 14:20:00	376124	1		
2020-02-06 14:20:00	376136	1		
2020-02-06 14:20:00	374297	1		
2020-02-06 14:20:00	375332	1		
2020-02-06 14:20:00	375980	1		
2020-02-06 09:00:00	238397	19665	549	712
2020-02-06 09:00:00	238559	970		69
2020-02-06 09:00:00	238460	954		94
2020-02-06 09:00:00	238622	851	2	56
2020-02-06 09:00:00	238718	711		81
2020-02-06 09:00:00	238877	600		37
2020-02-06 09:00:00	238736	591		34
2020-02-06 09:00:00	238910	400	2	24
2020-02-06 09:00:00	239183	373		34
2020-02-06 09:00:00	239039	347		27
2020-02-06 09:00:00	239048	321	1	31
2020-02-06 09:00:00	239279	274	1	31
2020-02-06 09:00:00	239360	257	1	25
2020-02-06 09:00:00	239618	227	3	8
2020-02-06 09:00:00	239429	215		14
2020-02-06 09:00:00	239591	173		9
2020-02-06 09:00:00	239495	168		14
2020-02-06 09:00:00	239744	157	1	13
2020-02-06 09:00:00	239822	133		7
2020-02-06 09:00:00	239903	106	1	8
2020-02-06 09:00:00	239969	91		5
2020-02-06 09:00:00	240059	90		8
2020-02-06 09:00:00	240122	78	1	2
2020-02-06 09:00:00	240278	71	1	6
2020-02-06 09:00:00	240215	62		6
2020-02-06 09:00:00	240428	59		3
2020-02-06 09:00:00	240365	46		4
2020-02-06 09:00:00	240857	45		1
2020-02-06 09:00:00	240518	40		1
2020-02-06 09:00:00	240581	36		
2020-02-06 09:00:00	241325	28		
2020-02-06 09:00:00	240758	25		5
2020-02-06 09:00:00	241016	23		
2020-02-06 09:00:00	241250	21	1	
2020-02-06 09:00:00	240662	18		3
2020-02-06 09:00:00	240893	13		
2020-02-06 09:00:00	241592	12		
2020-02-06 09:00:00	242048	12		
2020-02-06 09:00:00	332777	12		
2020-02-06 09:00:00	241175	10		
2020-02-06 09:00:00	241400	10		1
2020-02-06 09:00:00	241472	6		
2020-02-06 09:00:00	241808	6		
2020-02-06 09:00:00	242303	5		
2020-02-06 09:00:00	241745	4		2
2020-02-06 09:00:00	241871	4		
2020-02-06 09:00:00	242105	4		
2020-02-06 09:00:00	241934	3		
2020-02-06 09:00:00	242342	3		
2020-02-06 09:00:00	242381	2	1	
2020-02-06 09:00:00	241544	2		
2020-02-06 09:00:00	242249	2		
2020-02-06 09:00:00	242447	2		
2020-02-06 09:00:00	242474	2		
2020-02-06 09:00:00	242501	2		
2020-02-06 09:00:00	242549	2		
2020-02-06 09:00:00	336893	2		
2020-02-06 09:00:00	337340	2		
2020-02-06 09:00:00	240695	1		
2020-02-06 09:00:00	241079	1		
2020-02-06 09:00:00	241682	1		
2020-02-06 09:00:00	241997	1		
2020-02-06 09:00:00	242162	1		
2020-02-06 09:00:00	242216	1		
2020-02-06 09:00:00	242420	1		
2020-02-06 09:00:00	242528	1		
2020-02-06 09:00:00	242567	1		
2020-02-06 09:00:00	242588	1		
2020-02-06 09:00:00	242600	1		
2020-02-06 09:00:00	242603	1		
2020-02-06 09:00:00	336431	1		
2020-02-06 09:00:00	337409	1		
2020-02-06 09:00:00	338018	1		
2020-02-05 23:00:00	324122	19665	549	651
2020-02-05 23:00:00	324227	954		81
2020-02-05 23:00:00	324314	944		49
2020-02-05 23:00:00	324398	851	2	54
2020-02-05 23:00:00	324485	711		56
2020-02-05 23:00:00	324656	600		37
2020-02-05 23:00:00	324566	591		23
2020-02-05 23:00:00	324716	389	2	15
2020-02-05 23:00:00	324914	373		29
2020-02-05 23:00:00	324812	343		21
2020-02-05 23:00:00	325001	321	1	27
2020-02-05 23:00:00	325013	274	1	31
2020-02-05 23:00:00	325163	254	1	25
2020-02-05 23:00:00	325493	227	3	7
2020-02-05 23:00:00	325196	215		11
2020-02-05 23:00:00	325424	173		7
2020-02-05 23:00:00	325343	168		14
2020-02-05 23:00:00	325589	157	1	7
2020-02-05 23:00:00	325658	128		5
2020-02-05 23:00:00	325745	100	1	5
2020-02-05 23:00:00	325928	90		6
2020-02-05 23:00:00	325844	89		4
2020-02-05 23:00:00	326015	69	1	2
2020-02-05 23:00:00	326183	69	1	6
2020-02-05 23:00:00	326084	62		6
2020-02-05 23:00:00	326339	59		2
2020-02-05 23:00:00	326258	46		4
2020-02-05 23:00:00	326792	45		1
2020-02-05 23:00:00	326423	40		1
2020-02-05 23:00:00	326492	36		
2020-02-05 23:00:00	327215	28		
2020-02-05 23:00:00	326705	25		5
2020-02-05 23:00:00	326876	23		
2020-02-05 23:00:00	327296	21	1	
2020-02-05 23:00:00	326579	18		3
2020-02-05 23:00:00	327608	12		
2020-02-05 23:00:00	328085	12		
2020-02-05 23:00:00	332774	12		
2020-02-05 23:00:00	326963	11		
2020-02-05 23:00:00	327134	10		
2020-02-05 23:00:00	327344	10		1
2020-02-05 23:00:00	327446	6		
2020-02-05 23:00:00	327821	6		
2020-02-05 23:00:00	328370	5		
2020-02-05 23:00:00	327752	4		2
2020-02-05 23:00:00	327890	4		
2020-02-05 23:00:00	328148	4		
2020-02-05 23:00:00	327959	3		
2020-02-05 23:00:00	328415	3		
2020-02-05 23:00:00	328460	2	1	
2020-02-05 23:00:00	327512	2		
2020-02-05 23:00:00	328325	2		
2020-02-05 23:00:00	328538	2		
2020-02-05 23:00:00	328559	2		
2020-02-05 23:00:00	328604	2		
2020-02-05 23:00:00	328664	2		
2020-02-05 23:00:00	336890	2		
2020-02-05 23:00:00	337337	2		
2020-02-05 23:00:00	326618	1		
2020-02-05 23:00:00	327050	1		
2020-02-05 23:00:00	327683	1		
2020-02-05 23:00:00	328028	1		
2020-02-05 23:00:00	328211	1		
2020-02-05 23:00:00	328271	1		
2020-02-05 23:00:00	328505	1		
2020-02-05 23:00:00	328637	1		
2020-02-05 23:00:00	328682	1		
2020-02-05 23:00:00	328706	1		
2020-02-05 23:00:00	328733	1		
2020-02-05 23:00:00	328742	1		
2020-02-05 23:00:00	336428	1		
2020-02-05 23:00:00	337406	1		
2020-02-05 23:00:00	338015	1		
2020-02-05 09:00:00	324119	16678	479	537
2020-02-05 09:00:00	324224	895		78
2020-02-05 09:00:00	324311	895		49
2020-02-05 09:00:00	324395	764	2	47
2020-02-05 09:00:00	324482	661		53
2020-02-05 09:00:00	324653	548		27
2020-02-05 09:00:00	324512	530		23
2020-02-05 09:00:00	324731	376	2	15
2020-02-05 09:00:00	324911	341		23
2020-02-05 09:00:00	324809	307		15
2020-02-05 09:00:00	324998	301	1	24
2020-02-05 09:00:00	325022	253	1	24
2020-02-05 09:00:00	325160	243	1	15
2020-02-05 09:00:00	325193	205		11
2020-02-05 09:00:00	325490	190	2	7
2020-02-05 09:00:00	325421	165		6
2020-02-05 09:00:00	325340	150		13
2020-02-05 09:00:00	325586	135	1	6
2020-02-05 09:00:00	325655	124		5
2020-02-05 09:00:00	325742	91	1	5
2020-02-05 09:00:00	325841	88		4
2020-02-05 09:00:00	325925	81		4
2020-02-05 09:00:00	326012	69	1	2
2020-02-05 09:00:00	326180	64	1	9
2020-02-05 09:00:00	326081	57		4
2020-02-05 09:00:00	326336	54		2
2020-02-05 09:00:00	326255	42		3
2020-02-05 09:00:00	326420	34		1
2020-02-05 09:00:00	326489	32		
2020-02-05 09:00:00	326702	25		5
2020-02-05 09:00:00	327212	24		
2020-02-05 09:00:00	326789	22		1
2020-02-05 09:00:00	327293	21	1	
2020-02-05 09:00:00	326576	17		3
2020-02-05 09:00:00	326873	16		
2020-02-05 09:00:00	328082	12		
2020-02-05 09:00:00	332771	12		
2020-02-05 09:00:00	326960	11		
2020-02-05 09:00:00	327131	10		
2020-02-05 09:00:00	327605	10		
2020-02-05 09:00:00	327341	8		1
2020-02-05 09:00:00	327443	6		
2020-02-05 09:00:00	327818	6		
2020-02-05 09:00:00	328367	5		
2020-02-05 09:00:00	327749	4		2
2020-02-05 09:00:00	327887	4		
2020-02-05 09:00:00	327956	3		
2020-02-05 09:00:00	328145	3		
2020-02-05 09:00:00	328412	3		
2020-02-05 09:00:00	328457	2	1	
2020-02-05 09:00:00	327509	2		
2020-02-05 09:00:00	328535	2		
2020-02-05 09:00:00	328556	2		
2020-02-05 09:00:00	328601	2		
2020-02-05 09:00:00	328661	2		
2020-02-05 09:00:00	336887	2		
2020-02-05 09:00:00	337334	2		
2020-02-05 09:00:00	326615	1		
2020-02-05 09:00:00	327047	1		
2020-02-05 09:00:00	327680	1		
2020-02-05 09:00:00	328025	1		
2020-02-05 09:00:00	328208	1		
2020-02-05 09:00:00	328268	1		
2020-02-05 09:00:00	328322	1		
2020-02-05 09:00:00	328502	1		
2020-02-05 09:00:00	328634	1		
2020-02-05 09:00:00	328679	1		
2020-02-05 09:00:00	328703	1		
2020-02-05 09:00:00	328730	1		
2020-02-05 09:00:00	336425	1		
2020-02-05 09:00:00	337403	1		
2020-02-05 09:00:00	338012	1		
2020-02-04 22:00:00	164945	16678	479	522
2020-02-04 22:00:00	165026	895		63
2020-02-04 22:00:00	165089	870		32
2020-02-04 22:00:00	165167	764	2	41
2020-02-04 22:00:00	165257	661		35
2020-02-04 22:00:00	165395	548		27
2020-02-04 22:00:00	165278	530		20
2020-02-04 22:00:00	165464	366	2	14
2020-02-04 22:00:00	165680	341		13
2020-02-04 22:00:00	165644	301	1	23
2020-02-04 22:00:00	165545	298		13
2020-02-04 22:00:00	165860	233	1	12
2020-02-04 22:00:00	165791	228	1	23
2020-02-04 22:00:00	165950	194		3
2020-02-04 22:00:00	166169	190	2	4
2020-02-04 22:00:00	166097	165		2
2020-02-04 22:00:00	165986	150		10
2020-02-04 22:00:00	166244	135	1	4
2020-02-04 22:00:00	166322	122		5
2020-02-04 22:00:00	166397	91	1	4
2020-02-04 22:00:00	166472	81		2
2020-02-04 22:00:00	166547	81		4
2020-02-04 22:00:00	166625	67		2
2020-02-04 22:00:00	166760	64		5
2020-02-04 22:00:00	166688	57		4
2020-02-04 22:00:00	166913	54		1
2020-02-04 22:00:00	166841	42		1
2020-02-04 22:00:00	166988	34		1
2020-02-04 22:00:00	167060	32		
2020-02-04 22:00:00	167216	25		5
2020-02-04 22:00:00	171746	24		
2020-02-04 22:00:00	171296	22		1
2020-02-04 22:00:00	171674	18	1	
2020-02-04 22:00:00	167126	17		
2020-02-04 22:00:00	171449	16		
2020-02-04 22:00:00	172406	12		
2020-02-04 22:00:00	332768	12		
2020-02-04 22:00:00	171374	11		
2020-02-04 22:00:00	171602	10		
2020-02-04 22:00:00	172022	10		
2020-02-04 22:00:00	171785	8		1
2020-02-04 22:00:00	171881	6		
2020-02-04 22:00:00	172208	6		
2020-02-04 22:00:00	172676	5		
2020-02-04 22:00:00	172148	4		2
2020-02-04 22:00:00	172268	4		
2020-02-04 22:00:00	172328	3		
2020-02-04 22:00:00	172490	3		
2020-02-04 22:00:00	172712	3		
2020-02-04 22:00:00	172748	2	1	
2020-02-04 22:00:00	171950	2		
2020-02-04 22:00:00	172808	2		
2020-02-04 22:00:00	172832	2		
2020-02-04 22:00:00	172856	2		
2020-02-04 22:00:00	172898	2		
2020-02-04 22:00:00	336884	2		
2020-02-04 22:00:00	337331	2		
2020-02-04 22:00:00	167156	1		
2020-02-04 22:00:00	171467	1		
2020-02-04 22:00:00	172088	1		
2020-02-04 22:00:00	172388	1		
2020-02-04 22:00:00	172544	1		
2020-02-04 22:00:00	172595	1		
2020-02-04 22:00:00	172640	1		
2020-02-04 22:00:00	172784	1		
2020-02-04 22:00:00	172880	1		
2020-02-04 22:00:00	172916	1		
2020-02-04 22:00:00	172931	1		
2020-02-04 22:00:00	172940	1		
2020-02-04 22:00:00	336422	1		
2020-02-04 22:00:00	337400	1		
2020-02-04 22:00:00	338009	1		
2020-02-04 09:40:00	79466	13522	414	396
2020-02-04 09:40:00	79541	829		48
2020-02-04 09:40:00	79601	797		21
2020-02-04 09:40:00	79688	675	2	20
2020-02-04 09:40:00	79763	593		22
2020-02-04 09:40:00	79784	480		14
2020-02-04 09:40:00	79931	476		19
2020-02-04 09:40:00	79901	337	2	9
2020-02-04 09:40:00	80207	308		8
2020-02-04 09:40:00	80135	282	1	14
2020-02-04 09:40:00	80045	270		7
2020-02-04 09:40:00	80210	212	1	12
2020-02-04 09:40:00	80357	208	1	10
2020-02-04 09:40:00	80429	179		1
2020-02-04 09:40:00	80786	155	2	2
2020-02-04 09:40:00	80552	142		2
2020-02-04 09:40:00	80501	139		7
2020-02-04 09:40:00	80642	126	1	3
2020-02-04 09:40:00	80702	117		5
2020-02-04 09:40:00	80858	79	1	4
2020-02-04 09:40:00	80930	74		1
2020-02-04 09:40:00	81002	74		2
2020-02-04 09:40:00	81062	60		1
2020-02-04 09:40:00	81218	56		2
2020-02-04 09:40:00	81146	55		3
2020-02-04 09:40:00	81344	42		1
2020-02-04 09:40:00	81284	34		1
2020-02-04 09:40:00	81425	34		1
2020-02-04 09:40:00	81476	29		
2020-02-04 09:40:00	81734	20		1
2020-02-04 09:40:00	81659	19		5
2020-02-04 09:40:00	82169	18		
2020-02-04 09:40:00	81557	15		
2020-02-04 09:40:00	81869	15		
2020-02-04 09:40:00	82100	15		
2020-02-04 09:40:00	332765	12		
2020-02-04 09:40:00	82826	12		
2020-02-04 09:40:00	81809	10		
2020-02-04 09:40:00	82031	8		
2020-02-04 09:40:00	82238	8		1
2020-02-04 09:40:00	82430	8		
2020-02-04 09:40:00	82304	6		
2020-02-04 09:40:00	82610	6		
2020-02-04 09:40:00	83051	5		
2020-02-04 09:40:00	82553	4		2
2020-02-04 09:40:00	82667	4		
2020-02-04 09:40:00	82724	3		
2020-02-04 09:40:00	83084	3		
2020-02-04 09:40:00	83117	2	1	
2020-02-04 09:40:00	82370	2		
2020-02-04 09:40:00	82877	2		
2020-02-04 09:40:00	83171	2		
2020-02-04 09:40:00	83192	2		
2020-02-04 09:40:00	83213	2		
2020-02-04 09:40:00	83249	2		
2020-02-04 09:40:00	336881	2		
2020-02-04 09:40:00	337328	2		
2020-02-04 09:40:00	81584	1		
2020-02-04 09:40:00	81959	1		
2020-02-04 09:40:00	82457	1		
2020-02-04 09:40:00	82781	1		
2020-02-04 09:40:00	82928	1		
2020-02-04 09:40:00	82976	1		
2020-02-04 09:40:00	83018	1		
2020-02-04 09:40:00	83150	1		
2020-02-04 09:40:00	83234	1		
2020-02-04 09:40:00	83264	1		
2020-02-04 09:40:00	83276	1		
2020-02-04 09:40:00	160982	1		
2020-02-04 09:40:00	336419	1		
2020-02-04 09:40:00	337397	1		
2020-02-04 09:40:00	338006	1		
2020-02-03 21:00:00	31490	13522	414	386
2020-02-03 21:00:00	31655	725		21
2020-02-03 21:00:00	31598	724		43
2020-02-03 21:00:00	31739	675	2	14
2020-02-03 21:00:00	31796	521		22
2020-02-03 21:00:00	31814	480		14
2020-02-03 21:00:00	32024	391		18
2020-02-03 21:00:00	31934	337	2	9
2020-02-03 21:00:00	32237	308		8
2020-02-03 21:00:00	32096	270		7
2020-02-03 21:00:00	32153	254	1	14
2020-02-03 21:00:00	32240	212	1	12
2020-02-03 21:00:00	32381	208	1	10
2020-02-03 21:00:00	32450	179		1
2020-02-03 21:00:00	32792	155	2	2
2020-02-03 21:00:00	32507	139		7
2020-02-03 21:00:00	32585	128		
2020-02-03 21:00:00	32726	126	1	3
2020-02-03 21:00:00	32657	117		5
2020-02-03 21:00:00	32849	79	1	4
2020-02-03 21:00:00	32918	74		1
2020-02-03 21:00:00	32960	74		2
2020-02-03 21:00:00	33071	60		1
2020-02-03 21:00:00	33161	56		2
2020-02-03 21:00:00	33137	55		3
2020-02-03 21:00:00	33386	42		1
2020-02-03 21:00:00	33269	34		1
2020-02-03 21:00:00	33284	31		1
2020-02-03 21:00:00	33470	24		
2020-02-03 21:00:00	33698	20		1
2020-02-03 21:00:00	33626	19		5
2020-02-03 21:00:00	34115	18		
2020-02-03 21:00:00	33842	15		
2020-02-03 21:00:00	34049	15		
2020-02-03 21:00:00	33527	13		
2020-02-03 21:00:00	33752	10		
2020-02-03 21:00:00	34739	10		
2020-02-03 21:00:00	42071	10		
2020-02-03 21:00:00	33983	8		
2020-02-03 21:00:00	34181	8		1
2020-02-03 21:00:00	34367	8		
2020-02-03 21:00:00	34244	6		
2020-02-03 21:00:00	38606	5		
2020-02-03 21:00:00	34442	4		2
2020-02-03 21:00:00	34535	4		
2020-02-03 21:00:00	34589	4		
2020-02-03 21:00:00	34643	3		
2020-02-03 21:00:00	38666	2	1	
2020-02-03 21:00:00	34307	2		
2020-02-03 21:00:00	34787	2		
2020-02-03 21:00:00	38636	2		
2020-02-03 21:00:00	38714	2		
2020-02-03 21:00:00	38720	2		
2020-02-03 21:00:00	38750	2		
2020-02-03 21:00:00	38780	2		
2020-02-03 21:00:00	336878	2		
2020-02-03 21:00:00	337325	2		
2020-02-03 21:00:00	33554	1		
2020-02-03 21:00:00	33899	1		
2020-02-03 21:00:00	34424	1		
2020-02-03 21:00:00	34697	1		
2020-02-03 21:00:00	34835	1		
2020-02-03 21:00:00	34880	1		
2020-02-03 21:00:00	34919	1		
2020-02-03 21:00:00	38696	1		
2020-02-03 21:00:00	38768	1		
2020-02-03 21:00:00	38792	1		
2020-02-03 21:00:00	38801	1		
2020-02-03 21:00:00	336416	1		
2020-02-03 21:00:00	337394	1		
2020-02-03 21:00:00	338003	1		
2020-02-02 21:00:00	68	11177	350	295
2020-02-02 21:00:00	137	724		36
2020-02-02 21:00:00	206	683		15
2020-02-02 21:00:00	272	566	2	14
2020-02-02 21:00:00	341	521		16
2020-02-02 21:00:00	380	408		7
2020-02-02 21:00:00	545	391		18
2020-02-02 21:00:00	476	300	2	7
2020-02-02 21:00:00	749	271		7
2020-02-02 21:00:00	683	254	1	12
2020-02-02 21:00:00	614	246		6
2020-02-02 21:00:00	887	193	1	10
2020-02-02 21:00:00	770	191	1	9
2020-02-02 21:00:00	893	159		
2020-02-02 21:00:00	1019	127		2
2020-02-02 21:00:00	1082	116		
2020-02-02 21:00:00	1217	113	1	3
2020-02-02 21:00:00	1151	105		3
2020-02-02 21:00:00	1280	95	2	2
2020-02-02 21:00:00	1346	71	1	4
2020-02-02 21:00:00	1412	70		1
2020-02-02 21:00:00	1478	66		3
2020-02-02 21:00:00	1595	51		3
2020-02-02 21:00:00	1547	48		1
2020-02-02 21:00:00	1676	46		2
2020-02-02 21:00:00	1865	31		1
2020-02-02 21:00:00	1802	28		
2020-02-02 21:00:00	1736	27		1
2020-02-02 21:00:00	1928	24		
2020-02-02 21:00:00	2144	20		1
2020-02-02 21:00:00	2075	19		5
2020-02-02 21:00:00	2543	18		
2020-02-02 21:00:00	2282	15		
2020-02-02 21:00:00	2480	15		
2020-02-02 21:00:00	1985	11		
2020-02-02 21:00:00	2213	10		
2020-02-02 21:00:00	3134	10		
2020-02-02 21:00:00	42068	10		
2020-02-02 21:00:00	2417	8		
2020-02-02 21:00:00	2783	8		
2020-02-02 21:00:00	2606	6		1
2020-02-02 21:00:00	2666	6		
2020-02-02 21:00:00	3329	5		
2020-02-02 21:00:00	2891	4		2
2020-02-02 21:00:00	2942	4		
2020-02-02 21:00:00	2993	4		
2020-02-02 21:00:00	3044	3		
2020-02-02 21:00:00	3383	2	1	
2020-02-02 21:00:00	2726	2		
2020-02-02 21:00:00	3179	2		
2020-02-02 21:00:00	3356	2		
2020-02-02 21:00:00	3425	2		
2020-02-02 21:00:00	3440	2		
2020-02-02 21:00:00	3455	2		
2020-02-02 21:00:00	3479	2		
2020-02-02 21:00:00	336875	2		
2020-02-02 21:00:00	337322	2		
2020-02-02 21:00:00	2006	1		
2020-02-02 21:00:00	2351	1		
2020-02-02 21:00:00	2840	1		
2020-02-02 21:00:00	3095	1		
2020-02-02 21:00:00	3224	1		
2020-02-02 21:00:00	3266	1		
2020-02-02 21:00:00	3299	1		
2020-02-02 21:00:00	3410	1		
2020-02-02 21:00:00	3470	1		
2020-02-02 21:00:00	3488	1		
2020-02-02 21:00:00	3494	1		
2020-02-02 21:00:00	336413	1		
2020-02-02 21:00:00	337391	1		
2020-02-02 21:00:00	338000	1		
2020-02-01 10:00:00	65	7153	249	168
2020-02-01 10:00:00	134	599		21
2020-02-01 10:00:00	203	535		14
2020-02-01 10:00:00	269	422	2	3
2020-02-01 10:00:00	338	389		8
2020-02-01 10:00:00	389	297		5
2020-02-01 10:00:00	542	286		9
2020-02-01 10:00:00	410	247	1	3
2020-02-01 10:00:00	680	207	1	3
2020-02-01 10:00:00	611	206		3
2020-02-01 10:00:00	746	202		6
2020-02-01 10:00:00	884	169	1	10
2020-02-01 10:00:00	809	168	1	9
2020-02-01 10:00:00	935	144		
2020-02-01 10:00:00	1079	101		
2020-02-01 10:00:00	1016	100		2
2020-02-01 10:00:00	1214	96	1	
2020-02-01 10:00:00	1148	91		2
2020-02-01 10:00:00	1277	80	2	2
2020-02-01 10:00:00	1409	63		1
2020-02-01 10:00:00	1343	62	1	1
2020-02-01 10:00:00	1475	47		1
2020-02-01 10:00:00	1544	38		
2020-02-01 10:00:00	1592	35		
2020-02-01 10:00:00	1673	29		2
2020-02-01 10:00:00	1799	26		
2020-02-01 10:00:00	1733	23		1
2020-02-01 10:00:00	2072	19		5
2020-02-01 10:00:00	1925	18		
2020-02-01 10:00:00	2540	18		
2020-02-01 10:00:00	1862	17		1
2020-02-01 10:00:00	2141	17		1
2020-02-01 10:00:00	2477	13		
2020-02-01 10:00:00	2279	12		
2020-02-01 10:00:00	2210	10		
2020-02-01 10:00:00	1982	9		
2020-02-01 10:00:00	2780	8		
2020-02-01 10:00:00	2414	7		
2020-02-01 10:00:00	3131	7		
2020-02-01 10:00:00	42065	7		
2020-02-01 10:00:00	2603	6		1
2020-02-01 10:00:00	2663	6		
2020-02-01 10:00:00	2888	4		2
2020-02-01 10:00:00	2990	4		
2020-02-01 10:00:00	3326	4		
2020-02-01 10:00:00	2939	3		
2020-02-01 10:00:00	3041	3		
2020-02-01 10:00:00	2723	2		
2020-02-01 10:00:00	3176	2		
2020-02-01 10:00:00	3422	2		
2020-02-01 10:00:00	3437	2		
2020-02-01 10:00:00	3452	2		
2020-02-01 10:00:00	3476	2		
2020-02-01 10:00:00	336872	2		
2020-02-01 10:00:00	337319	2		
2020-02-01 10:00:00	2003	1		
2020-02-01 10:00:00	2348	1		
2020-02-01 10:00:00	2837	1		
2020-02-01 10:00:00	3092	1		
2020-02-01 10:00:00	3221	1		
2020-02-01 10:00:00	3263	1		
2020-02-01 10:00:00	3296	1		
2020-02-01 10:00:00	3353	1		
2020-02-01 10:00:00	3380	1		
2020-02-01 10:00:00	3407	1		
2020-02-01 10:00:00	3467	1		
2020-02-01 10:00:00	3485	1		
2020-02-01 10:00:00	336410	1		
2020-02-01 10:00:00	337388	1		
2020-02-01 10:00:00	337997	1		
2020-01-31 19:00:00	62	7153	249	169
2020-01-31 19:00:00	131	537		14
2020-01-31 19:00:00	200	436		10
2020-01-31 19:00:00	266	352	2	3
2020-01-31 19:00:00	335	332		3
2020-01-31 19:00:00	539	240		7
2020-01-31 19:00:00	413	238	1	1
2020-01-31 19:00:00	356	237		3
2020-01-31 19:00:00	608	184		2
2020-01-31 19:00:00	677	177	1	1
2020-01-31 19:00:00	743	168		5
2020-01-31 19:00:00	881	153	1	9
2020-01-31 19:00:00	761	139	1	5
2020-01-31 19:00:00	941	120		
2020-01-31 19:00:00	1211	96	1	
2020-01-31 19:00:00	1013	88		2
2020-01-31 19:00:00	1076	87		
2020-01-31 19:00:00	1145	83		1
2020-01-31 19:00:00	1406	60		1
2020-01-31 19:00:00	1274	59	2	
2020-01-31 19:00:00	1340	58	1	1
2020-01-31 19:00:00	1472	47		1
2020-01-31 19:00:00	1589	35		
2020-01-31 19:00:00	1541	32		
2020-01-31 19:00:00	1670	29		2
2020-01-31 19:00:00	1796	21		1
2020-01-31 19:00:00	1730	20		
2020-01-31 19:00:00	2069	19		5
2020-01-31 19:00:00	1922	17		
2020-01-31 19:00:00	2138	17		1
2020-01-31 19:00:00	2537	16		
2020-01-31 19:00:00	1859	14		1
2020-01-31 19:00:00	2474	13		
2020-01-31 19:00:00	2276	11		
2020-01-31 19:00:00	2207	10		
2020-01-31 19:00:00	1979	8		
2020-01-31 19:00:00	2777	8		
2020-01-31 19:00:00	2411	7		
2020-01-31 19:00:00	3128	7		
2020-01-31 19:00:00	42062	7		
2020-01-31 19:00:00	2660	6		
2020-01-31 19:00:00	2885	4		
2020-01-31 19:00:00	3323	4		
2020-01-31 19:00:00	2936	3		
2020-01-31 19:00:00	2987	3		
2020-01-31 19:00:00	2600	2		
2020-01-31 19:00:00	2720	2		
2020-01-31 19:00:00	3038	2		
2020-01-31 19:00:00	3173	2		
2020-01-31 19:00:00	3419	2		
2020-01-31 19:00:00	3434	2		
2020-01-31 19:00:00	3449	2		
2020-01-31 19:00:00	336869	2		
2020-01-31 19:00:00	337316	2		
2020-01-31 19:00:00	2000	1		
2020-01-31 19:00:00	2345	1		
2020-01-31 19:00:00	2834	1		
2020-01-31 19:00:00	3089	1		
2020-01-31 19:00:00	3218	1		
2020-01-31 19:00:00	3260	1		
2020-01-31 19:00:00	3293	1		
2020-01-31 19:00:00	3350	1		
2020-01-31 19:00:00	3377	1		
2020-01-31 19:00:00	3404	1		
2020-01-31 19:00:00	3464	1		
2020-01-31 19:00:00	336407	1		
2020-01-31 19:00:00	337385	1		
2020-01-31 19:00:00	337994	1		
2020-01-31 14:00:00	59	5806	204	141
2020-01-31 14:00:00	128	538		14
2020-01-31 14:00:00	197	436		11
2020-01-31 14:00:00	263	352	2	3
2020-01-31 14:00:00	332	332		2
2020-01-31 14:00:00	536	240		7
2020-01-31 14:00:00	362	237		3
2020-01-31 14:00:00	416	211		1
2020-01-31 14:00:00	605	184		2
2020-01-31 14:00:00	674	177	1	1
2020-01-31 14:00:00	740	168		5
2020-01-31 14:00:00	752	139	1	5
2020-01-31 14:00:00	878	135	1	9
2020-01-31 14:00:00	944	120		
2020-01-31 14:00:00	1010	87		2
2020-01-31 14:00:00	1073	87		
2020-01-31 14:00:00	1142	83		1
2020-01-31 14:00:00	1208	82	1	
2020-01-31 14:00:00	1271	59	2	
2020-01-31 14:00:00	1337	52	1	1
2020-01-31 14:00:00	1403	48		1
2020-01-31 14:00:00	1469	39		1
2020-01-31 14:00:00	1538	32		
2020-01-31 14:00:00	1568	29		
2020-01-31 14:00:00	1667	29		2
2020-01-31 14:00:00	1793	21		
2020-01-31 14:00:00	1727	20		1
2020-01-31 14:00:00	2066	19		5
2020-01-31 14:00:00	1919	17		
2020-01-31 14:00:00	2135	15		1
2020-01-31 14:00:00	1856	14		1
2020-01-31 14:00:00	2534	13		
2020-01-31 14:00:00	2471	12		
2020-01-31 14:00:00	2273	11		
2020-01-31 14:00:00	2204	10		
2020-01-31 14:00:00	1976	8		
2020-01-31 14:00:00	2774	8		
2020-01-31 14:00:00	2408	7		
2020-01-31 14:00:00	2657	5		
2020-01-31 14:00:00	3125	5		
2020-01-31 14:00:00	42059	5		
2020-01-31 14:00:00	2882	4		
2020-01-31 14:00:00	3320	4		
2020-01-31 14:00:00	2984	3		
2020-01-31 14:00:00	2597	2		
2020-01-31 14:00:00	2717	2		
2020-01-31 14:00:00	2933	2		
2020-01-31 14:00:00	3035	2		
2020-01-31 14:00:00	3170	2		
2020-01-31 14:00:00	3416	2		
2020-01-31 14:00:00	3431	2		
2020-01-31 14:00:00	3446	2		
2020-01-31 14:00:00	336866	2		
2020-01-31 14:00:00	337313	2		
2020-01-31 14:00:00	1997	1		
2020-01-31 14:00:00	2342	1		
2020-01-31 14:00:00	2831	1		
2020-01-31 14:00:00	3086	1		
2020-01-31 14:00:00	3215	1		
2020-01-31 14:00:00	3257	1		
2020-01-31 14:00:00	3290	1		
2020-01-31 14:00:00	3347	1		
2020-01-31 14:00:00	3374	1		
2020-01-31 14:00:00	3401	1		
2020-01-31 14:00:00	3461	1		
2020-01-31 14:00:00	336404	1		
2020-01-31 14:00:00	337382	1		
2020-01-31 14:00:00	337991	1		
2020-01-30 11:00:00	56	4903	162	90
2020-01-30 11:00:00	125	428		4
2020-01-30 11:00:00	194	354		10
2020-01-30 11:00:00	260	278	2	2
2020-01-30 11:00:00	329	277		2
2020-01-30 11:00:00	344	200		2
2020-01-30 11:00:00	425	182		1
2020-01-30 11:00:00	533	162		5
2020-01-30 11:00:00	602	158		1
2020-01-30 11:00:00	671	142	1	1
2020-01-30 11:00:00	737	129		1
2020-01-30 11:00:00	785	114	1	4
2020-01-30 11:00:00	875	112	1	5
2020-01-30 11:00:00	947	101		
2020-01-30 11:00:00	1007	78		2
2020-01-30 11:00:00	1139	70		
2020-01-30 11:00:00	1205	65	1	
2020-01-30 11:00:00	1070	63		
2020-01-30 11:00:00	1334	46	1	1
2020-01-30 11:00:00	1268	44	2	
2020-01-30 11:00:00	1400	41		1
2020-01-30 11:00:00	1466	35		1
2020-01-30 11:00:00	1535	31		
2020-01-30 11:00:00	1574	26		
2020-01-30 11:00:00	1724	19		
2020-01-30 11:00:00	1790	17		
2020-01-30 11:00:00	1853	14		1
2020-01-30 11:00:00	1916	14		
2020-01-30 11:00:00	2063	14		5
2020-01-30 11:00:00	1664	12		1
2020-01-30 11:00:00	2132	11		1
2020-01-30 11:00:00	2468	10		
2020-01-30 11:00:00	2531	10		
2020-01-30 11:00:00	2201	9		
2020-01-30 11:00:00	1973	8		
2020-01-30 11:00:00	2771	8		
2020-01-30 11:00:00	2405	7		
2020-01-30 11:00:00	2654	5		
2020-01-30 11:00:00	2270	4		
2020-01-30 11:00:00	2879	4		
2020-01-30 11:00:00	3122	4		
2020-01-30 11:00:00	3317	4		
2020-01-30 11:00:00	42056	4		
2020-01-30 11:00:00	2981	3		
2020-01-30 11:00:00	2594	2		
2020-01-30 11:00:00	2930	2		
2020-01-30 11:00:00	3032	2		
2020-01-30 11:00:00	3167	2		
2020-01-30 11:00:00	1994	1		
2020-01-30 11:00:00	2339	1		
2020-01-30 11:00:00	2714	1		
2020-01-30 11:00:00	2828	1		
2020-01-30 11:00:00	3083	1		
2020-01-30 11:00:00	3212	1		
2020-01-30 11:00:00	3254	1		
2020-01-30 11:00:00	3287	1		
2020-01-30 11:00:00	3344	1		
2020-01-30 11:00:00	3371	1		
2020-01-30 11:00:00	3398	1		
2020-01-30 11:00:00	336401	1		
2020-01-30 11:00:00	336863	1		
2020-01-30 11:00:00	337310	1		
2020-01-30 11:00:00	337379	1		
2020-01-29 21:00:00	53	4586	162	90
2020-01-29 21:00:00	122	428		4
2020-01-29 21:00:00	191	311		6
2020-01-29 21:00:00	257	278	2	2
2020-01-29 21:00:00	326	277		
2020-01-29 21:00:00	398	200		2
2020-01-29 21:00:00	461	165		1
2020-01-29 21:00:00	530	162		4
2020-01-29 21:00:00	599	145		1
2020-01-29 21:00:00	668	142	1	1
2020-01-29 21:00:00	734	129		1
2020-01-29 21:00:00	797	111	1	4
2020-01-29 21:00:00	872	101	1	5
2020-01-29 21:00:00	929	101		
2020-01-29 21:00:00	1004	78		2
2020-01-29 21:00:00	1202	65	1	
2020-01-29 21:00:00	1067	56		
2020-01-29 21:00:00	1136	55		
2020-01-29 21:00:00	1265	43	1	
2020-01-29 21:00:00	1331	43	1	
2020-01-29 21:00:00	1397	39		1
2020-01-29 21:00:00	1463	35		1
2020-01-29 21:00:00	1532	27		
2020-01-29 21:00:00	1571	26		
2020-01-29 21:00:00	1721	16		
2020-01-29 21:00:00	1850	14		1
2020-01-29 21:00:00	1913	14		
2020-01-29 21:00:00	2060	14		5
2020-01-29 21:00:00	1661	12		1
2020-01-29 21:00:00	1787	12		
2020-01-29 21:00:00	2129	11		1
2020-01-29 21:00:00	2465	10		
2020-01-29 21:00:00	2528	10		
2020-01-29 21:00:00	2198	8		
2020-01-29 21:00:00	2402	7		
2020-01-29 21:00:00	2768	7		
2020-01-29 21:00:00	1970	6		
2020-01-29 21:00:00	2651	5		
2020-01-29 21:00:00	2267	4		
2020-01-29 21:00:00	2876	4		
2020-01-29 21:00:00	3119	4		
2020-01-29 21:00:00	3314	4		
2020-01-29 21:00:00	42053	4		
2020-01-29 21:00:00	2591	2		
2020-01-29 21:00:00	2927	2		
2020-01-29 21:00:00	2978	2		
2020-01-29 21:00:00	3029	2		
2020-01-29 21:00:00	1991	1		
2020-01-29 21:00:00	2336	1		
2020-01-29 21:00:00	2711	1		
2020-01-29 21:00:00	2825	1		
2020-01-29 21:00:00	3080	1		
2020-01-29 21:00:00	3164	1		
2020-01-29 21:00:00	3209	1		
2020-01-29 21:00:00	3251	1		
2020-01-29 21:00:00	3284	1		
2020-01-29 21:00:00	3341	1		
2020-01-29 21:00:00	3368	1		
2020-01-29 21:00:00	3395	1		
2020-01-29 21:00:00	336398	1		
2020-01-29 21:00:00	336860	1		
2020-01-29 21:00:00	337307	1		
2020-01-29 21:00:00	337376	1		
2020-01-29 14:30:00	50	3554	125	88
2020-01-29 14:30:00	119	296		3
2020-01-29 14:30:00	188	277		5
2020-01-29 14:30:00	323	221		
2020-01-29 14:30:00	254	206	2	1
2020-01-29 14:30:00	407	152		2
2020-01-29 14:30:00	443	147		1
2020-01-29 14:30:00	596	130		1
2020-01-29 14:30:00	815	111	1	4
2020-01-29 14:30:00	527	109		3
2020-01-29 14:30:00	665	108	1	1
2020-01-29 14:30:00	731	99		1
2020-01-29 14:30:00	869	96	1	5
2020-01-29 14:30:00	926	84		
2020-01-29 14:30:00	1001	58		2
2020-01-29 14:30:00	1064	56		
2020-01-29 14:30:00	1133	55		
2020-01-29 14:30:00	1199	48	1	
2020-01-29 14:30:00	1328	43	1	
2020-01-29 14:30:00	1394	39		1
2020-01-29 14:30:00	1262	38	1	
2020-01-29 14:30:00	1460	27		1
2020-01-29 14:30:00	1529	27		
2020-01-29 14:30:00	1565	24		
2020-01-29 14:30:00	1718	16		
2020-01-29 14:30:00	2057	14		5
2020-01-29 14:30:00	1910	13		
2020-01-29 14:30:00	1784	12		
2020-01-29 14:30:00	2462	10		
2020-01-29 14:30:00	1658	9		1
2020-01-29 14:30:00	1847	9		
2020-01-29 14:30:00	2195	8		
2020-01-29 14:30:00	2126	7		1
2020-01-29 14:30:00	2399	7		
2020-01-29 14:30:00	2525	7		
2020-01-29 14:30:00	2765	7		
2020-01-29 14:30:00	1967	6		
2020-01-29 14:30:00	2648	5		
2020-01-29 14:30:00	2264	4		
2020-01-29 14:30:00	3116	4		
2020-01-29 14:30:00	3311	4		
2020-01-29 14:30:00	42050	4		
2020-01-29 14:30:00	2873	3		
2020-01-29 14:30:00	2588	2		
2020-01-29 14:30:00	2924	2		
2020-01-29 14:30:00	2333	1		
2020-01-29 14:30:00	2708	1		
2020-01-29 14:30:00	2822	1		
2020-01-29 14:30:00	2975	1		
2020-01-29 14:30:00	3026	1		
2020-01-29 14:30:00	3077	1		
2020-01-29 14:30:00	3161	1		
2020-01-29 14:30:00	3206	1		
2020-01-29 14:30:00	3248	1		
2020-01-29 14:30:00	3281	1		
2020-01-29 14:30:00	3338	1		
2020-01-29 14:30:00	3365	1		
2020-01-29 14:30:00	3392	1		
2020-01-29 14:30:00	336395	1		
2020-01-29 14:30:00	336857	1		
2020-01-29 14:30:00	337304	1		
2020-01-29 14:30:00	337373	1		
2020-01-29 13:30:00	47	3554	125	80
2020-01-29 13:30:00	116	296		3
2020-01-29 13:30:00	182	277		5
2020-01-29 13:30:00	320	221		
2020-01-29 13:30:00	251	206	2	1
2020-01-29 13:30:00	395	152		2
2020-01-29 13:30:00	437	147		
2020-01-29 13:30:00	593	130		1
2020-01-29 13:30:00	803	111	1	4
2020-01-29 13:30:00	524	109		3
2020-01-29 13:30:00	662	108		
2020-01-29 13:30:00	728	99		1
2020-01-29 13:30:00	866	96	1	4
2020-01-29 13:30:00	923	84		
2020-01-29 13:30:00	998	58		2
2020-01-29 13:30:00	1061	56		
2020-01-29 13:30:00	1130	55		
2020-01-29 13:30:00	1196	48	1	
2020-01-29 13:30:00	1325	43	1	1
2020-01-29 13:30:00	1391	39		
2020-01-29 13:30:00	1259	38	1	
2020-01-29 13:30:00	1457	27		
2020-01-29 13:30:00	1526	27		
2020-01-29 13:30:00	1562	24		
2020-01-29 13:30:00	1715	16		
2020-01-29 13:30:00	2054	14		5
2020-01-29 13:30:00	1907	13		
2020-01-29 13:30:00	1781	12		
2020-01-29 13:30:00	2459	10		
2020-01-29 13:30:00	1655	9		
2020-01-29 13:30:00	1844	9		
2020-01-29 13:30:00	2192	8		
2020-01-29 13:30:00	2123	7		1
2020-01-29 13:30:00	2396	7		
2020-01-29 13:30:00	2522	7		
2020-01-29 13:30:00	2762	7		
2020-01-29 13:30:00	1964	6		
2020-01-29 13:30:00	2261	4		
2020-01-29 13:30:00	2645	4		
2020-01-29 13:30:00	3113	4		
2020-01-29 13:30:00	3308	4		
2020-01-29 13:30:00	42047	4		
2020-01-29 13:30:00	2870	3		
2020-01-29 13:30:00	2585	2		
2020-01-29 13:30:00	2921	2		
2020-01-29 13:30:00	2330	1		
2020-01-29 13:30:00	2705	1		
2020-01-29 13:30:00	2819	1		
2020-01-29 13:30:00	2972	1		
2020-01-29 13:30:00	3023	1		
2020-01-29 13:30:00	3074	1		
2020-01-29 13:30:00	3158	1		
2020-01-29 13:30:00	3203	1		
2020-01-29 13:30:00	3245	1		
2020-01-29 13:30:00	3278	1		
2020-01-29 13:30:00	3335	1		
2020-01-29 13:30:00	3362	1		
2020-01-29 13:30:00	3389	1		
2020-01-29 13:30:00	336392	1		
2020-01-29 13:30:00	336854	1		
2020-01-29 13:30:00	337301	1		
2020-01-29 13:30:00	337370	1		
2020-01-28 23:00:00	44	3554	125	80
2020-01-28 23:00:00	113	296		3
2020-01-28 23:00:00	179	241		5
2020-01-28 23:00:00	317	221		
2020-01-28 23:00:00	248	206	2	1
2020-01-28 23:00:00	371	152		
2020-01-28 23:00:00	440	147		1
2020-01-28 23:00:00	590	121		
2020-01-28 23:00:00	521	109		3
2020-01-28 23:00:00	659	108		
2020-01-28 23:00:00	725	99		1
2020-01-28 23:00:00	800	91	1	4
2020-01-28 23:00:00	920	82		
2020-01-28 23:00:00	863	80	1	4
2020-01-28 23:00:00	995	58		2
2020-01-28 23:00:00	1058	56		
2020-01-28 23:00:00	1193	48	1	
2020-01-28 23:00:00	1127	44		
2020-01-28 23:00:00	1322	43	1	
2020-01-28 23:00:00	1256	37	1	
2020-01-28 23:00:00	1388	36		
2020-01-28 23:00:00	1454	27		
2020-01-28 23:00:00	1523	25		
2020-01-28 23:00:00	1550	24		
2020-01-28 23:00:00	1712	16		
2020-01-28 23:00:00	2051	14		5
2020-01-28 23:00:00	1904	13		
2020-01-28 23:00:00	1778	12		
2020-01-28 23:00:00	1652	9		
2020-01-28 23:00:00	1841	9		
2020-01-28 23:00:00	2189	8		
2020-01-28 23:00:00	2456	8		
2020-01-28 23:00:00	2120	7		1
2020-01-28 23:00:00	2393	7		
2020-01-28 23:00:00	2519	7		
2020-01-28 23:00:00	2759	7		
2020-01-28 23:00:00	1961	6		
2020-01-28 23:00:00	2258	4		
2020-01-28 23:00:00	2642	4		
2020-01-28 23:00:00	3110	4		
2020-01-28 23:00:00	42086	4		
2020-01-28 23:00:00	2867	3		
2020-01-28 23:00:00	2582	2		
2020-01-28 23:00:00	2918	2		
2020-01-28 23:00:00	2327	1		
2020-01-28 23:00:00	2702	1		
2020-01-28 23:00:00	2816	1		
2020-01-28 23:00:00	2969	1		
2020-01-28 23:00:00	3020	1		
2020-01-28 23:00:00	3071	1		
2020-01-28 23:00:00	3155	1		
2020-01-28 23:00:00	3200	1		
2020-01-28 23:00:00	3242	1		
2020-01-28 23:00:00	3275	1		
2020-01-28 23:00:00	336389	1		
2020-01-28 23:00:00	336851	1		
2020-01-28 23:00:00	337298	1		
2020-01-28 23:00:00	337367	1		
2020-01-28 18:00:00	41	3554	125	80
2020-01-28 18:00:00	176	207		4
2020-01-28 18:00:00	110	173		3
2020-01-28 18:00:00	245	168	1	
2020-01-28 18:00:00	314	143		
2020-01-28 18:00:00	431	132		
2020-01-28 18:00:00	518	109		3
2020-01-28 18:00:00	350	106		
2020-01-28 18:00:00	587	95		
2020-01-28 18:00:00	776	91	1	4
2020-01-28 18:00:00	656	90		
2020-01-28 18:00:00	917	80		
2020-01-28 18:00:00	722	70		1
2020-01-28 18:00:00	860	66	1	4
2020-01-28 18:00:00	992	51		2
2020-01-28 18:00:00	1055	46		
2020-01-28 18:00:00	1124	44		
2020-01-28 18:00:00	1319	40	1	
2020-01-28 18:00:00	1385	34		
2020-01-28 18:00:00	1190	33	1	
2020-01-28 18:00:00	1253	33	1	
2020-01-28 18:00:00	1451	27		
2020-01-28 18:00:00	1520	24		
2020-01-28 18:00:00	1586	19		
2020-01-28 18:00:00	1709	15		
2020-01-28 18:00:00	2048	14		5
2020-01-28 18:00:00	1775	11		
2020-01-28 18:00:00	1901	10		
2020-01-28 18:00:00	1649	9		
2020-01-28 18:00:00	1838	8		
2020-01-28 18:00:00	2186	8		
2020-01-28 18:00:00	2453	8		
2020-01-28 18:00:00	2117	7		1
2020-01-28 18:00:00	2390	7		
2020-01-28 18:00:00	2516	7		
2020-01-28 18:00:00	1958	6		
2020-01-28 18:00:00	2255	4		
2020-01-28 18:00:00	2639	4		
2020-01-28 18:00:00	2756	4		
2020-01-28 18:00:00	3107	4		
2020-01-28 18:00:00	42083	4		
2020-01-28 18:00:00	2864	3		
2020-01-28 18:00:00	2579	2		
2020-01-28 18:00:00	2915	2		
2020-01-28 18:00:00	2324	1		
2020-01-28 18:00:00	2699	1		
2020-01-28 18:00:00	2813	1		
2020-01-28 18:00:00	2966	1		
2020-01-28 18:00:00	3017	1		
2020-01-28 18:00:00	3068	1		
2020-01-28 18:00:00	3152	1		
2020-01-28 18:00:00	3197	1		
2020-01-28 18:00:00	3239	1		
2020-01-28 18:00:00	3272	1		
2020-01-28 18:00:00	336386	1		
2020-01-28 18:00:00	336848	1		
2020-01-28 18:00:00	337295	1		
2020-01-28 18:00:00	337364	1		
2020-01-28 13:00:00	38	2714	100	52
2020-01-28 13:00:00	173	207		4
2020-01-28 13:00:00	107	173		3
2020-01-28 13:00:00	242	168	1	
2020-01-28 13:00:00	311	143		
2020-01-28 13:00:00	446	132		
2020-01-28 13:00:00	374	106		
2020-01-28 13:00:00	584	95		
2020-01-28 13:00:00	782	91	1	4
2020-01-28 13:00:00	653	90		
2020-01-28 13:00:00	914	80		
2020-01-28 13:00:00	515	72		3
2020-01-28 13:00:00	719	70		1
2020-01-28 13:00:00	857	66	1	4
2020-01-28 13:00:00	989	51		2
2020-01-28 13:00:00	1052	46		
2020-01-28 13:00:00	1121	44		
2020-01-28 13:00:00	1316	40	1	
2020-01-28 13:00:00	1382	34		
2020-01-28 13:00:00	1187	33	1	
2020-01-28 13:00:00	1250	33	1	
2020-01-28 13:00:00	1517	24		
2020-01-28 13:00:00	1448	20		
2020-01-28 13:00:00	1583	19		
2020-01-28 13:00:00	1706	15		
2020-01-28 13:00:00	2045	14		5
2020-01-28 13:00:00	1772	11		
2020-01-28 13:00:00	1898	10		
2020-01-28 13:00:00	1646	9		
2020-01-28 13:00:00	1835	8		
2020-01-28 13:00:00	2183	8		
2020-01-28 13:00:00	2450	8		
2020-01-28 13:00:00	2114	7		1
2020-01-28 13:00:00	2387	7		
2020-01-28 13:00:00	2513	7		
2020-01-28 13:00:00	1955	6		
2020-01-28 13:00:00	2252	4		
2020-01-28 13:00:00	2753	4		
2020-01-28 13:00:00	2636	3		
2020-01-28 13:00:00	2861	3		
2020-01-28 13:00:00	2576	2		
2020-01-28 13:00:00	2912	2		
2020-01-28 13:00:00	2321	1		
2020-01-28 13:00:00	2696	1		
2020-01-28 13:00:00	2810	1		
2020-01-28 13:00:00	2963	1		
2020-01-28 13:00:00	3014	1		
2020-01-28 13:00:00	3065	1		
2020-01-28 13:00:00	3104	1		
2020-01-28 13:00:00	3149	1		
2020-01-28 13:00:00	3194	1		
2020-01-28 13:00:00	3236	1		
2020-01-28 13:00:00	3269	1		
2020-01-28 13:00:00	42080	1		
2020-01-28 13:00:00	336383	1		
2020-01-28 13:00:00	336845	1		
2020-01-28 13:00:00	337292	1		
2020-01-28 13:00:00	337361	1		
2020-01-27 20:30:00	35	2714	100	47
2020-01-27 20:30:00	104	173		1
2020-01-27 20:30:00	239	168	1	
2020-01-27 20:30:00	170	151		4
2020-01-27 20:30:00	428	132		
2020-01-27 20:30:00	368	106		
2020-01-27 20:30:00	308	100		
2020-01-27 20:30:00	650	90		
2020-01-27 20:30:00	581	87		
2020-01-27 20:30:00	788	80	1	2
2020-01-27 20:30:00	512	72		2
2020-01-27 20:30:00	716	70		1
2020-01-27 20:30:00	854	66	1	3
2020-01-27 20:30:00	911	59		
2020-01-27 20:30:00	986	51		
2020-01-27 20:30:00	1049	35		
2020-01-27 20:30:00	1184	33	1	
2020-01-27 20:30:00	1313	33	1	
2020-01-27 20:30:00	1247	30	1	
2020-01-27 20:30:00	1379	27		
2020-01-27 20:30:00	1118	26		
2020-01-27 20:30:00	1514	23		
2020-01-27 20:30:00	1445	20		
2020-01-27 20:30:00	1577	19		
2020-01-27 20:30:00	1703	11		
2020-01-27 20:30:00	1643	9		
2020-01-27 20:30:00	2042	8		2
2020-01-27 20:30:00	2447	8		
2020-01-27 20:30:00	1769	7		
2020-01-27 20:30:00	1832	6		
2020-01-27 20:30:00	1952	6		
2020-01-27 20:30:00	2384	6		
2020-01-27 20:30:00	1895	5		
2020-01-27 20:30:00	2180	5		
2020-01-27 20:30:00	2510	5		
2020-01-27 20:30:00	2111	4		1
2020-01-27 20:30:00	2249	4		
2020-01-27 20:30:00	2750	4		
2020-01-27 20:30:00	2633	3		
2020-01-27 20:30:00	2858	3		
2020-01-27 20:30:00	2573	2		
2020-01-27 20:30:00	2909	2		
2020-01-27 20:30:00	2318	1		
2020-01-27 20:30:00	2693	1		
2020-01-27 20:30:00	2807	1		
2020-01-27 20:30:00	2960	1		
2020-01-27 20:30:00	3011	1		
2020-01-27 20:30:00	3062	1		
2020-01-27 20:30:00	3101	1		
2020-01-27 20:30:00	3146	1		
2020-01-27 20:30:00	3191	1		
2020-01-27 20:30:00	3233	1		
2020-01-27 20:30:00	42077	1		
2020-01-27 20:30:00	336380	1		
2020-01-27 20:30:00	336842	1		
2020-01-27 20:30:00	337289	1		
2020-01-27 20:30:00	337358	1		
2020-01-27 19:00:00	32	1423	76	45
2020-01-27 19:00:00	167	151		4
2020-01-27 19:00:00	236	128	1	
2020-01-27 19:00:00	101	128		1
2020-01-27 19:00:00	434	110		
2020-01-27 19:00:00	305	100		
2020-01-27 19:00:00	806	80	1	2
2020-01-27 19:00:00	578	75		
2020-01-27 19:00:00	509	72		2
2020-01-27 19:00:00	383	70		
2020-01-27 19:00:00	647	69		
2020-01-27 19:00:00	908	59		
2020-01-27 19:00:00	851	53	1	3
2020-01-27 19:00:00	713	47		1
2020-01-27 19:00:00	983	46		
2020-01-27 19:00:00	1046	35		
2020-01-27 19:00:00	1310	33	1	
2020-01-27 19:00:00	1376	27		
2020-01-27 19:00:00	1115	26		
2020-01-27 19:00:00	1511	23		
2020-01-27 19:00:00	1244	21	1	
2020-01-27 19:00:00	1181	18	1	
2020-01-27 19:00:00	1580	14		
2020-01-27 19:00:00	1442	13		
2020-01-27 19:00:00	1700	11		
2020-01-27 19:00:00	2039	8		2
2020-01-27 19:00:00	2444	8		
2020-01-27 19:00:00	1640	7		
2020-01-27 19:00:00	1766	7		
2020-01-27 19:00:00	1829	6		
2020-01-27 19:00:00	1949	6		
2020-01-27 19:00:00	2381	6		
2020-01-27 19:00:00	1892	5		
2020-01-27 19:00:00	2177	5		
2020-01-27 19:00:00	2507	5		
2020-01-27 19:00:00	2108	4		1
2020-01-27 19:00:00	2246	4		
2020-01-27 19:00:00	2747	4		
2020-01-27 19:00:00	2630	3		
2020-01-27 19:00:00	2855	3		
2020-01-27 19:00:00	2570	2		
2020-01-27 19:00:00	2906	2		
2020-01-27 19:00:00	2315	1		
2020-01-27 19:00:00	2690	1		
2020-01-27 19:00:00	2804	1		
2020-01-27 19:00:00	2957	1		
2020-01-27 19:00:00	3008	1		
2020-01-27 19:00:00	3059	1		
2020-01-27 19:00:00	3143	1		
2020-01-27 19:00:00	3188	1		
2020-01-27 19:00:00	3230	1		
2020-01-27 19:00:00	336377	1		
2020-01-27 19:00:00	336839	1		
2020-01-27 19:00:00	337286	1		
2020-01-27 19:00:00	337355	1		
2020-01-27 09:00:00	29	1423	76	45
2020-01-27 09:00:00	164	151		3
2020-01-27 09:00:00	233	128	1	
2020-01-27 09:00:00	98	128		1
2020-01-27 09:00:00	452	110		
2020-01-27 09:00:00	302	100		
2020-01-27 09:00:00	575	75		
2020-01-27 09:00:00	812	72		2
2020-01-27 09:00:00	353	70		
2020-01-27 09:00:00	644	69		
2020-01-27 09:00:00	890	56		
2020-01-27 09:00:00	848	53	1	3
2020-01-27 09:00:00	506	48		1
2020-01-27 09:00:00	710	47		1
2020-01-27 09:00:00	980	46		
2020-01-27 09:00:00	1043	35		
2020-01-27 09:00:00	1307	33	1	
2020-01-27 09:00:00	1373	27		
2020-01-27 09:00:00	1112	26		
2020-01-27 09:00:00	1508	22		
2020-01-27 09:00:00	1241	21	1	
2020-01-27 09:00:00	1178	18	1	
2020-01-27 09:00:00	1607	14		
2020-01-27 09:00:00	1439	13		
2020-01-27 09:00:00	1697	11		
2020-01-27 09:00:00	2036	8		2
2020-01-27 09:00:00	2441	8		
2020-01-27 09:00:00	1637	7		
2020-01-27 09:00:00	1763	7		
2020-01-27 09:00:00	1826	6		
2020-01-27 09:00:00	2378	6		
2020-01-27 09:00:00	1889	5		
2020-01-27 09:00:00	2174	5		
2020-01-27 09:00:00	1946	4		
2020-01-27 09:00:00	2105	4		1
2020-01-27 09:00:00	2243	4		
2020-01-27 09:00:00	2504	4		
2020-01-27 09:00:00	2744	4		
2020-01-27 09:00:00	2627	3		
2020-01-27 09:00:00	2852	3		
2020-01-27 09:00:00	2567	2		
2020-01-27 09:00:00	2903	2		
2020-01-27 09:00:00	2312	1		
2020-01-27 09:00:00	2687	1		
2020-01-27 09:00:00	2801	1		
2020-01-27 09:00:00	2954	1		
2020-01-27 09:00:00	3005	1		
2020-01-27 09:00:00	3056	1		
2020-01-27 09:00:00	3140	1		
2020-01-27 09:00:00	3185	1		
2020-01-27 09:00:00	336374	1		
2020-01-27 09:00:00	336914	1		
2020-01-27 09:00:00	337283	1		
2020-01-27 09:00:00	337352	1		
2020-01-26 23:00:00	26	1423	76	44
2020-01-26 23:00:00	161	146		2
2020-01-26 23:00:00	230	128	1	
2020-01-26 23:00:00	95	128		1
2020-01-26 23:00:00	449	110		
2020-01-26 23:00:00	299	100		
2020-01-26 23:00:00	377	70		
2020-01-26 23:00:00	641	69		
2020-01-26 23:00:00	779	68		2
2020-01-26 23:00:00	572	63		
2020-01-26 23:00:00	845	53	1	1
2020-01-26 23:00:00	503	48		
2020-01-26 23:00:00	707	47		1
2020-01-26 23:00:00	977	46		
2020-01-26 23:00:00	902	35		
2020-01-26 23:00:00	1370	23		
2020-01-26 23:00:00	1040	22		
2020-01-26 23:00:00	1304	22		
2020-01-26 23:00:00	1238	21	1	
2020-01-26 23:00:00	1109	19		
2020-01-26 23:00:00	1175	18	1	
2020-01-26 23:00:00	1505	14		
2020-01-26 23:00:00	1604	14		
2020-01-26 23:00:00	1436	13		
2020-01-26 23:00:00	1694	11		
2020-01-26 23:00:00	2033	8		2
2020-01-26 23:00:00	2438	8		
2020-01-26 23:00:00	1634	7		
2020-01-26 23:00:00	1823	6		
2020-01-26 23:00:00	2375	6		
2020-01-26 23:00:00	1886	5		
2020-01-26 23:00:00	1760	4		
2020-01-26 23:00:00	1943	4		
2020-01-26 23:00:00	2102	4		1
2020-01-26 23:00:00	2171	4		
2020-01-26 23:00:00	2501	4		
2020-01-26 23:00:00	2741	4		
2020-01-26 23:00:00	2240	3		
2020-01-26 23:00:00	2624	3		
2020-01-26 23:00:00	2849	3		
2020-01-26 23:00:00	2564	2		
2020-01-26 23:00:00	2900	2		
2020-01-26 23:00:00	2309	1		
2020-01-26 23:00:00	2684	1		
2020-01-26 23:00:00	2798	1		
2020-01-26 23:00:00	2951	1		
2020-01-26 23:00:00	3002	1		
2020-01-26 23:00:00	3053	1		
2020-01-26 23:00:00	336371	1		
2020-01-26 23:00:00	336911	1		
2020-01-26 23:00:00	337280	1		
2020-01-26 23:00:00	337349	1		
2020-01-26 11:00:00	23	1058	52	42
2020-01-26 11:00:00	158	111		2
2020-01-26 11:00:00	92	104		1
2020-01-26 11:00:00	227	83	1	
2020-01-26 11:00:00	473	75		
2020-01-26 11:00:00	296	69		
2020-01-26 11:00:00	755	68		2
2020-01-26 11:00:00	386	60		
2020-01-26 11:00:00	569	46		
2020-01-26 11:00:00	638	44		
2020-01-26 11:00:00	842	40	1	1
2020-01-26 11:00:00	500	36		
2020-01-26 11:00:00	974	36		
2020-01-26 11:00:00	899	35		
2020-01-26 11:00:00	704	33		1
2020-01-26 11:00:00	1037	22		
2020-01-26 11:00:00	1301	22		
2020-01-26 11:00:00	1367	21		
2020-01-26 11:00:00	1106	16		
2020-01-26 11:00:00	1235	15	1	
2020-01-26 11:00:00	1502	14		
2020-01-26 11:00:00	1172	13	1	
2020-01-26 11:00:00	1433	9		
2020-01-26 11:00:00	2030	8		2
2020-01-26 11:00:00	2435	8		
2020-01-26 11:00:00	1601	7		
2020-01-26 11:00:00	1691	7		
2020-01-26 11:00:00	1631	5		
2020-01-26 11:00:00	2372	5		
2020-01-26 11:00:00	1757	4		
2020-01-26 11:00:00	1820	4		
2020-01-26 11:00:00	1883	4		
2020-01-26 11:00:00	2099	4		1
2020-01-26 11:00:00	2168	4		
2020-01-26 11:00:00	2498	4		
2020-01-26 11:00:00	2738	4		
2020-01-26 11:00:00	2237	3		
2020-01-26 11:00:00	2621	3		
2020-01-26 11:00:00	2846	3		
2020-01-26 11:00:00	2561	2		
2020-01-26 11:00:00	2897	2		
2020-01-26 11:00:00	1940	1		
2020-01-26 11:00:00	2306	1		
2020-01-26 11:00:00	2681	1		
2020-01-26 11:00:00	2795	1		
2020-01-26 11:00:00	2948	1		
2020-01-26 11:00:00	2999	1		
2020-01-26 11:00:00	3050	1		
2020-01-26 11:00:00	336368	1		
2020-01-26 11:00:00	336908	1		
2020-01-26 11:00:00	337277	1		
2020-01-26 11:00:00	337346	1		
2020-01-25 22:00:00	20	1052	52	42
2020-01-25 22:00:00	89	104		1
2020-01-25 22:00:00	155	98		2
2020-01-25 22:00:00	224	83		
2020-01-25 22:00:00	419	75		
2020-01-25 22:00:00	293	69		
2020-01-25 22:00:00	347	60		
2020-01-25 22:00:00	794	51		2
2020-01-25 22:00:00	635	44		
2020-01-25 22:00:00	839	40	1	1
2020-01-25 22:00:00	566	39		
2020-01-25 22:00:00	497	36		
2020-01-25 22:00:00	971	33		
2020-01-25 22:00:00	701	31		1
2020-01-25 22:00:00	1298	19		
2020-01-25 22:00:00	1364	19		
2020-01-25 22:00:00	896	18		
2020-01-25 22:00:00	1232	15	1	
2020-01-25 22:00:00	1034	15		
2020-01-25 22:00:00	1169	13	1	
2020-01-25 22:00:00	1499	13		
2020-01-25 22:00:00	1103	11		
2020-01-25 22:00:00	1430	9		
2020-01-25 22:00:00	1610	7		
2020-01-25 22:00:00	1688	7		
2020-01-25 22:00:00	2027	7		
2020-01-25 22:00:00	1628	5		
2020-01-25 22:00:00	2432	5		
2020-01-25 22:00:00	1754	4		
2020-01-25 22:00:00	1817	4		
2020-01-25 22:00:00	1880	4		
2020-01-25 22:00:00	2165	3		
2020-01-25 22:00:00	2495	3		
2020-01-25 22:00:00	2618	3		
2020-01-25 22:00:00	2735	3		
2020-01-25 22:00:00	2096	2		
2020-01-25 22:00:00	2234	2		
2020-01-25 22:00:00	2369	2		
2020-01-25 22:00:00	2558	2		
2020-01-25 22:00:00	1937	1		
2020-01-25 22:00:00	2303	1		
2020-01-25 22:00:00	2678	1		
2020-01-25 22:00:00	2792	1		
2020-01-25 22:00:00	336365	1		
2020-01-25 22:00:00	336905	1		
2020-01-25 12:00:00	17	761	40	32
2020-01-25 12:00:00	152	78		2
2020-01-25 12:00:00	86	62		1
2020-01-25 12:00:00	422	57		
2020-01-25 12:00:00	290	43		
2020-01-25 12:00:00	791	41		2
2020-01-25 12:00:00	404	39		
2020-01-25 12:00:00	836	33		1
2020-01-25 12:00:00	221	32		
2020-01-25 12:00:00	632	28		
2020-01-25 12:00:00	563	27		
2020-01-25 12:00:00	968	23		
2020-01-25 12:00:00	1295	19		
2020-01-25 12:00:00	494	18		
2020-01-25 12:00:00	698	18		1
2020-01-25 12:00:00	932	18		
2020-01-25 12:00:00	1361	17		
2020-01-25 12:00:00	1031	15		
2020-01-25 12:00:00	1100	11		
2020-01-25 12:00:00	1496	10		
2020-01-25 12:00:00	1229	9	1	
2020-01-25 12:00:00	1166	8	1	
2020-01-25 12:00:00	1685	7		
2020-01-25 12:00:00	2024	7		
2020-01-25 12:00:00	1427	6		
2020-01-25 12:00:00	2429	5		
2020-01-25 12:00:00	1556	4		
2020-01-25 12:00:00	1625	4		
2020-01-25 12:00:00	1814	4		
2020-01-25 12:00:00	1751	3		
2020-01-25 12:00:00	1877	3		
2020-01-25 12:00:00	2162	3		
2020-01-25 12:00:00	2492	3		
2020-01-25 12:00:00	2615	3		
2020-01-25 12:00:00	2732	3		
2020-01-25 12:00:00	2093	2		
2020-01-25 12:00:00	2231	2		
2020-01-25 12:00:00	2366	2		
2020-01-25 12:00:00	2555	2		
2020-01-25 12:00:00	1934	1		
2020-01-25 12:00:00	2300	1		
2020-01-25 12:00:00	2675	1		
2020-01-25 12:00:00	2789	1		
2020-01-25 12:00:00	336362	1		
2020-01-25 12:00:00	336902	1		
2020-01-24 12:00:00	14	549	24	31
2020-01-24 12:00:00	143	53		2
2020-01-24 12:00:00	83	43		1
2020-01-24 12:00:00	764	36		1
2020-01-24 12:00:00	470	27		
2020-01-24 12:00:00	287	24		
2020-01-24 12:00:00	965	23		
2020-01-24 12:00:00	833	20		1
2020-01-24 12:00:00	491	18		
2020-01-24 12:00:00	359	15		
2020-01-24 12:00:00	560	15		
2020-01-24 12:00:00	629	15		
2020-01-24 12:00:00	938	10		
2020-01-24 12:00:00	218	9		
2020-01-24 12:00:00	695	9		
2020-01-24 12:00:00	1292	8		
2020-01-24 12:00:00	1493	8		
2020-01-24 12:00:00	1028	5		
2020-01-24 12:00:00	1097	5		
2020-01-24 12:00:00	2021	5		
2020-01-24 12:00:00	1226	4	1	
2020-01-24 12:00:00	1358	4		
2020-01-24 12:00:00	1622	3		
2020-01-24 12:00:00	1811	3		
2020-01-24 12:00:00	2159	3		
2020-01-24 12:00:00	2489	3		
2020-01-24 12:00:00	1163	2	1	
2020-01-24 12:00:00	1559	2		
2020-01-24 12:00:00	1748	2		
2020-01-24 12:00:00	1874	2		
2020-01-24 12:00:00	2090	2		
2020-01-24 12:00:00	2228	2		
2020-01-24 12:00:00	2363	2		
2020-01-24 12:00:00	2426	2		
2020-01-24 12:00:00	2552	2		
2020-01-24 12:00:00	2612	2		
2020-01-24 12:00:00	1424	1		
2020-01-24 12:00:00	1682	1		
2020-01-24 12:00:00	2297	1		
2020-01-24 12:00:00	2672	1		
2020-01-24 12:00:00	336359	1		
2020-01-24 12:00:00	336899	1		
2020-01-23 12:00:00	11	444		28
2020-01-23 12:00:00	146	32		2
2020-01-23 12:00:00	80	27		
2020-01-23 12:00:00	773	22		
2020-01-23 12:00:00	830	16		
2020-01-23 12:00:00	284	9		
2020-01-23 12:00:00	365	9		
2020-01-23 12:00:00	467	9		
2020-01-23 12:00:00	626	8		
2020-01-23 12:00:00	488	7		
2020-01-23 12:00:00	557	6		
2020-01-23 12:00:00	215	5		
2020-01-23 12:00:00	692	5		
2020-01-23 12:00:00	953	5		
2020-01-23 12:00:00	962	5		
2020-01-23 12:00:00	1289	5		
2020-01-23 12:00:00	1490	4		
2020-01-23 12:00:00	1025	3		
2020-01-23 12:00:00	1355	3		
2020-01-23 12:00:00	1619	3		
2020-01-23 12:00:00	2018	3		
2020-01-23 12:00:00	1094	2		
2020-01-23 12:00:00	1223	2		
2020-01-23 12:00:00	1598	2		
2020-01-23 12:00:00	1871	2		
2020-01-23 12:00:00	2087	2		
2020-01-23 12:00:00	2360	2		
2020-01-23 12:00:00	2423	2		
2020-01-23 12:00:00	2549	2		
2020-01-23 12:00:00	1160	1		
2020-01-23 12:00:00	1421	1		
2020-01-23 12:00:00	1745	1		
2020-01-23 12:00:00	1808	1		
2020-01-23 12:00:00	2156	1		
2020-01-23 12:00:00	2225	1		
2020-01-23 12:00:00	2294	1		
2020-01-23 12:00:00	2486	1		
2020-01-23 12:00:00	336356	1		
2020-01-22 12:00:00	8	444		
2020-01-22 12:00:00	185	26		
2020-01-22 12:00:00	767	14		
2020-01-22 12:00:00	77	10		
2020-01-22 12:00:00	827	9		
2020-01-22 12:00:00	455	6		
2020-01-22 12:00:00	212	5		
2020-01-22 12:00:00	623	5		
2020-01-22 12:00:00	281	4		
2020-01-22 12:00:00	1286	4		
2020-01-22 12:00:00	1487	4		
2020-01-22 12:00:00	485	2		
2020-01-22 12:00:00	554	2		
2020-01-22 12:00:00	959	2		
2020-01-22 12:00:00	1352	2		
2020-01-22 12:00:00	2015	2		
2020-01-22 12:00:00	2084	2		
2020-01-22 12:00:00	401	1		
2020-01-22 12:00:00	689	1		
2020-01-22 12:00:00	905	1		
2020-01-22 12:00:00	1091	1		
2020-01-22 12:00:00	1157	1		
2020-01-22 12:00:00	1418	1		
2020-01-22 12:00:00	1616	1		
2020-01-22 12:00:00	1742	1		
2020-01-22 12:00:00	2153	1		
2020-01-22 12:00:00	2222	1		
2020-01-22 12:00:00	2291	1		
2020-01-22 12:00:00	2357	1		
2020-01-22 12:00:00	336353	1		
2020-01-21 22:00:00	5	270		
2020-01-21 22:00:00	140	17		
2020-01-21 22:00:00	818	10		
2020-01-21 22:00:00	824	9		
2020-01-21 22:00:00	74	5		
2020-01-21 22:00:00	458	5		
2020-01-21 22:00:00	482	2		
2020-01-21 22:00:00	620	2		
2020-01-21 22:00:00	1484	2		
2020-01-21 22:00:00	2012	2		
2020-01-21 22:00:00	278	1		
2020-01-21 22:00:00	551	1		
2020-01-21 22:00:00	1088	1		
2020-01-21 22:00:00	2081	1		
2020-01-21 22:00:00	2150	1		
2020-01-21 22:00:00	2219	1		
2020-01-21 22:00:00	2288	1		
2020-01-21 22:00:00	336350	1		
